[94mINFO[0m: --- WAIFU_LINK BOOT SEQUENCE v5.31.0 ---
/Users/chris/Code/waifu-rt3d/waifu-rt3d_v5.30/backend/server.py:170: DeprecationWarning: 
        on_event is deprecated, use lifespan event handlers instead.

        Read more about it in the
        [FastAPI docs for Lifespan Events](https://fastapi.tiangolo.com/advanced/events/).
        
  @app.on_event("startup")
[94mINFO[0m: Attempting to bind to port 8080...
INFO:     Started server process [28651]
INFO:     Waiting for application startup.
2026-01-20 09:34:38,977 - backend.preflight - INFO - Running preflight checks...
2026-01-20 09:34:38,977 - backend.preflight - INFO - ✅ Directory structure verified
2026-01-20 09:34:38,977 - backend.preflight - INFO - ✅ Configuration file exists
2026-01-20 09:34:38,977 - backend.preflight - INFO - Initializing database...
2026-01-20 09:34:38,978 - backend.preflight - INFO - Current schema version: v5
2026-01-20 09:34:38,978 - backend.preflight - INFO - Current database schema version: v5
2026-01-20 09:34:38,978 - backend.preflight - INFO - Current schema version: v5
2026-01-20 09:34:38,978 - backend.preflight - INFO - ✅ Database ready (schema v5)
2026-01-20 09:34:38,978 - backend.preflight - INFO - ✅ All preflight checks complete
INFO:     Application startup complete.
INFO:     Uvicorn running on http://0.0.0.0:8080 (Press CTRL+C to quit)
INFO:     127.0.0.1:65419 - "POST /api/tts HTTP/1.1" 200 OK
INFO:     127.0.0.1:51756 - "HEAD /viewer/viewer.html HTTP/1.1" 200 OK
[94mERROR[0m: Error fetching character data: no such column: tts_pitch
2026-01-20 10:58:15,377 - waifu - ERROR - Error fetching character data: no such column: tts_pitch
INFO:     127.0.0.1:53565 - "POST /api/chat HTTP/1.1" 200 OK
INFO:     127.0.0.1:62182 - "GET / HTTP/1.1" 200 OK
INFO:     127.0.0.1:62182 - "GET /css/theme.css?v=cyber HTTP/1.1" 200 OK
INFO:     127.0.0.1:62182 - "GET /viewer/viewer.html HTTP/1.1" 200 OK
INFO:     127.0.0.1:62192 - "GET /lib/GLTFLoader.js HTTP/1.1" 200 OK
INFO:     127.0.0.1:62182 - "GET /config_ui.js HTTP/1.1" 304 Not Modified
INFO:     127.0.0.1:62189 - "GET /lib/three.module.js HTTP/1.1" 200 OK
INFO:     127.0.0.1:62184 - "GET /model_manager.js HTTP/1.1" 304 Not Modified
INFO:     127.0.0.1:62193 - "GET /lib/three-vrm.module.min.js HTTP/1.1" 200 OK
INFO:     127.0.0.1:62192 - "GET /utils/BufferGeometryUtils.js HTTP/1.1" 200 OK
INFO:     127.0.0.1:62193 - "GET /api/config HTTP/1.1" 200 OK
INFO:     127.0.0.1:62189 - "GET /favicon.ico HTTP/1.1" 404 Not Found
INFO:     127.0.0.1:62201 - "GET /api/characters HTTP/1.1" 200 OK
INFO:     127.0.0.1:60072 - "GET /index.html HTTP/1.1" 200 OK
INFO:     127.0.0.1:60072 - "GET /css/theme.css?v=cyber HTTP/1.1" 200 OK
INFO:     127.0.0.1:60072 - "GET /js/config_ui.js HTTP/1.1" 200 OK
INFO:     127.0.0.1:60074 - "GET /js/model_manager.js HTTP/1.1" 200 OK
INFO:     127.0.0.1:60074 - "GET /api/config HTTP/1.1" 200 OK
INFO:     127.0.0.1:60074 - "GET /favicon.ico HTTP/1.1" 404 Not Found
INFO:     127.0.0.1:62677 - "GET /index.html HTTP/1.1" 200 OK
INFO:     127.0.0.1:62677 - "GET /css/theme.css?v=cyber HTTP/1.1" 304 Not Modified
INFO:     127.0.0.1:62782 - "GET /assets/css/theme.css HTTP/1.1" 200 OK
INFO:     127.0.0.1:60858 - "GET /index.html HTTP/1.1" 304 Not Modified
INFO:     127.0.0.1:60858 - "GET /css/theme.css?v=cyber HTTP/1.1" 304 Not Modified
INFO:     127.0.0.1:64710 - "GET /index.html HTTP/1.1" 200 OK
INFO:     127.0.0.1:64710 - "GET /css/theme.css?v=cyber HTTP/1.1" 304 Not Modified
INFO:     127.0.0.1:64710 - "GET /api/healthcheck HTTP/1.1" 200 OK
INFO:     127.0.0.1:64710 - "GET /api/healthcheck HTTP/1.1" 200 OK
INFO:     127.0.0.1:64710 - "GET /viewer/viewer.html?url=/files/avatars/Panicandy.vrm HTTP/1.1" 200 OK
INFO:     127.0.0.1:64710 - "GET /favicon.ico HTTP/1.1" 404 Not Found
INFO:     127.0.0.1:64710 - "GET /avatars/Panicandy.vrm HTTP/1.1" 200 OK
INFO:     127.0.0.1:64711 - "GET /api/config HTTP/1.1" 200 OK
INFO:     127.0.0.1:50154 - "GET /index.html HTTP/1.1" 304 Not Modified
INFO:     127.0.0.1:50154 - "GET /api/healthcheck HTTP/1.1" 200 OK
INFO:     127.0.0.1:50154 - "GET /api/healthcheck HTTP/1.1" 200 OK
INFO:     127.0.0.1:50174 - "GET /api/healthcheck HTTP/1.1" 200 OK
INFO:     127.0.0.1:50216 - "GET /api/healthcheck HTTP/1.1" 200 OK
INFO:     127.0.0.1:50216 - "GET /api/healthcheck HTTP/1.1" 200 OK
INFO:     127.0.0.1:50216 - "GET /favicon.ico HTTP/1.1" 404 Not Found
INFO:     127.0.0.1:50217 - "GET /api/config HTTP/1.1" 200 OK
INFO:     127.0.0.1:50234 - "POST /api/sessions HTTP/1.1" 200 OK
INFO:     127.0.0.1:50234 - "GET /api/sessions?archived=false HTTP/1.1" 200 OK
INFO:     127.0.0.1:50239 - "POST /api/sessions HTTP/1.1" 200 OK
INFO:     127.0.0.1:50239 - "GET /api/sessions?archived=false HTTP/1.1" 200 OK
INFO:     127.0.0.1:50256 - "GET /api/healthcheck HTTP/1.1" 200 OK
INFO:     127.0.0.1:50256 - "GET /api/healthcheck HTTP/1.1" 200 OK
INFO:     127.0.0.1:50258 - "GET /api/config HTTP/1.1" 200 OK
INFO:     127.0.0.1:50275 - "POST /api/sessions HTTP/1.1" 200 OK
INFO:     127.0.0.1:50275 - "GET /api/sessions?archived=false HTTP/1.1" 200 OK
INFO:     127.0.0.1:50718 - "GET /index_v2.html HTTP/1.1" 200 OK
INFO:     127.0.0.1:50718 - "GET /assets/css/glass.css HTTP/1.1" 200 OK
INFO:     127.0.0.1:50718 - "GET /favicon.ico HTTP/1.1" 404 Not Found
INFO:     127.0.0.1:58113 - "GET /index.html HTTP/1.1" 200 OK
INFO:     127.0.0.1:58113 - "GET /css/theme.css?v=cyber HTTP/1.1" 304 Not Modified
INFO:     127.0.0.1:58113 - "GET /js/config_ui.js HTTP/1.1" 304 Not Modified
INFO:     127.0.0.1:58113 - "GET /api/healthcheck HTTP/1.1" 200 OK
INFO:     127.0.0.1:58114 - "GET /api/characters HTTP/1.1" 200 OK
INFO:     127.0.0.1:58113 - "GET /api/healthcheck HTTP/1.1" 200 OK
INFO:     127.0.0.1:58113 - "GET /favicon.ico HTTP/1.1" 404 Not Found
^^^^^^
  File "/Users/chris/Code/waifu-rt3d/waifu-rt3d_v5.30/backend/server.py", line 263, in chat
    print(f"DEBUG_SERVER: CharID={char_id} Row={row} Params={voice_params}")
                                                ^^^
UnboundLocalError: cannot access local variable 'row' where it is not associated with a value
2026-01-20 09:42:38,893 [INFO] --- WAIFU_LINK BOOT SEQUENCE v5.31.0 ---
2026-01-20 09:42:40,395 [ERROR] Error fetching character data: no such column: tts_pitch
2026-01-20 09:43:49,958 [INFO] --- WAIFU_LINK BOOT SEQUENCE v5.31.0 ---
2026-01-20 09:43:50,011 [ERROR] Global Error: no such table: sessions
Traceback (most recent call last):
  File "/Users/chris/Code/waifu-rt3d/waifu-rt3d_v5.30/backend/server.py", line 353, in list_sessions
    cur.execute("SELECT id, title, created_ts, (SELECT COUNT(id) FROM messages WHERE session_id=s.id) FROM sessions s WHERE (archived=0 OR archived IS NULL) ORDER BY created_ts DESC")
    ~~~~~~~~~~~^^^^^^^^^^^^^^^^^^^^^^^^^^^^^^^^^^^^^^^^^^^^^^^^^^^^^^^^^^^^^^^^^^^^^^^^^^^^^^^^^^^^^^^^^^^^^^^^^^^^^^^^^^^^^^^^^^^^^^^^^^^^^^^^^^^^^^^^^^^^^^^^^^^^^^^^^^^^^^^^^^^^^^^^
sqlite3.OperationalError: no such table: sessions

During handling of the above exception, another exception occurred:

Traceback (most recent call last):
  File "/Users/chris/Code/waifu-rt3d/waifu-rt3d_v5.30/.venv/lib/python3.14/site-packages/starlette/middleware/errors.py", line 164, in __call__
    await self.app(scope, receive, _send)
  File "/Users/chris/Code/waifu-rt3d/waifu-rt3d_v5.30/.venv/lib/python3.14/site-packages/starlette/middleware/cors.py", line 85, in __call__
    await self.app(scope, receive, send)
  File "/Users/chris/Code/waifu-rt3d/waifu-rt3d_v5.30/.venv/lib/python3.14/site-packages/starlette/middleware/exceptions.py", line 63, in __call__
    await wrap_app_handling_exceptions(self.app, conn)(scope, receive, send)
  File "/Users/chris/Code/waifu-rt3d/waifu-rt3d_v5.30/.venv/lib/python3.14/site-packages/starlette/_exception_handler.py", line 53, in wrapped_app
    raise exc
  File "/Users/chris/Code/waifu-rt3d/waifu-rt3d_v5.30/.venv/lib/python3.14/site-packages/starlette/_exception_handler.py", line 42, in wrapped_app
    await app(scope, receive, sender)
  File "/Users/chris/Code/waifu-rt3d/waifu-rt3d_v5.30/.venv/lib/python3.14/site-packages/fastapi/middleware/asyncexitstack.py", line 18, in __call__
    await self.app(scope, receive, send)
  File "/Users/chris/Code/waifu-rt3d/waifu-rt3d_v5.30/.venv/lib/python3.14/site-packages/starlette/routing.py", line 716, in __call__
    await self.middleware_stack(scope, receive, send)
  File "/Users/chris/Code/waifu-rt3d/waifu-rt3d_v5.30/.venv/lib/python3.14/site-packages/starlette/routing.py", line 736, in app
    await route.handle(scope, receive, send)
  File "/Users/chris/Code/waifu-rt3d/waifu-rt3d_v5.30/.venv/lib/python3.14/site-packages/starlette/routing.py", line 290, in handle
    await self.app(scope, receive, send)
  File "/Users/chris/Code/waifu-rt3d/waifu-rt3d_v5.30/.venv/lib/python3.14/site-packages/fastapi/routing.py", line 115, in app
    await wrap_app_handling_exceptions(app, request)(scope, receive, send)
  File "/Users/chris/Code/waifu-rt3d/waifu-rt3d_v5.30/.venv/lib/python3.14/site-packages/starlette/_exception_handler.py", line 53, in wrapped_app
    raise exc
  File "/Users/chris/Code/waifu-rt3d/waifu-rt3d_v5.30/.venv/lib/python3.14/site-packages/starlette/_exception_handler.py", line 42, in wrapped_app
    await app(scope, receive, sender)
  File "/Users/chris/Code/waifu-rt3d/waifu-rt3d_v5.30/.venv/lib/python3.14/site-packages/fastapi/routing.py", line 101, in app
    response = await f(request)
               ^^^^^^^^^^^^^^^^
  File "/Users/chris/Code/waifu-rt3d/waifu-rt3d_v5.30/.venv/lib/python3.14/site-packages/fastapi/routing.py", line 355, in app
    raw_response = await run_endpoint_function(
                   ^^^^^^^^^^^^^^^^^^^^^^^^^^^^
    ...<3 lines>...
    )
    ^
  File "/Users/chris/Code/waifu-rt3d/waifu-rt3d_v5.30/.venv/lib/python3.14/site-packages/fastapi/routing.py", line 245, in run_endpoint_function
    return await run_in_threadpool(dependant.call, **values)
           ^^^^^^^^^^^^^^^^^^^^^^^^^^^^^^^^^^^^^^^^^^^^^^^^^
  File "/Users/chris/Code/waifu-rt3d/waifu-rt3d_v5.30/.venv/lib/python3.14/site-packages/starlette/concurrency.py", line 32, in run_in_threadpool
    return await anyio.to_thread.run_sync(func)
           ^^^^^^^^^^^^^^^^^^^^^^^^^^^^^^^^^^^^
  File "/Users/chris/Code/waifu-rt3d/waifu-rt3d_v5.30/.venv/lib/python3.14/site-packages/anyio/to_thread.py", line 33, in run_sync
    return await get_asynclib().run_sync_in_worker_thread(
           ^^^^^^^^^^^^^^^^^^^^^^^^^^^^^^^^^^^^^^^^^^^^^^^
        func, *args, cancellable=cancellable, limiter=limiter
        ^^^^^^^^^^^^^^^^^^^^^^^^^^^^^^^^^^^^^^^^^^^^^^^^^^^^^
    )
    ^
  File "/Users/chris/Code/waifu-rt3d/waifu-rt3d_v5.30/.venv/lib/python3.14/site-packages/anyio/_backends/_asyncio.py", line 877, in run_sync_in_worker_thread
    return await future
           ^^^^^^^^^^^^
  File "/Users/chris/Code/waifu-rt3d/waifu-rt3d_v5.30/.venv/lib/python3.14/site-packages/anyio/_backends/_asyncio.py", line 807, in run
    result = context.run(func, *args)
  File "/Users/chris/Code/waifu-rt3d/waifu-rt3d_v5.30/backend/server.py", line 356, in list_sessions
    cur.execute("SELECT id, title, created_ts, (SELECT COUNT(id) FROM messages WHERE session_id=s.id) FROM sessions s ORDER BY created_ts DESC")
    ~~~~~~~~~~~^^^^^^^^^^^^^^^^^^^^^^^^^^^^^^^^^^^^^^^^^^^^^^^^^^^^^^^^^^^^^^^^^^^^^^^^^^^^^^^^^^^^^^^^^^^^^^^^^^^^^^^^^^^^^^^^^^^^^^^^^^^^^^^^^
sqlite3.OperationalError: no such table: sessions
2026-01-20 09:43:50,497 [ERROR] Global Error: no such table: sessions
Traceback (most recent call last):
  File "/Users/chris/Code/waifu-rt3d/waifu-rt3d_v5.30/.venv/lib/python3.14/site-packages/starlette/middleware/errors.py", line 164, in __call__
    await self.app(scope, receive, _send)
  File "/Users/chris/Code/waifu-rt3d/waifu-rt3d_v5.30/.venv/lib/python3.14/site-packages/starlette/middleware/cors.py", line 85, in __call__
    await self.app(scope, receive, send)
  File "/Users/chris/Code/waifu-rt3d/waifu-rt3d_v5.30/.venv/lib/python3.14/site-packages/starlette/middleware/exceptions.py", line 63, in __call__
    await wrap_app_handling_exceptions(self.app, conn)(scope, receive, send)
  File "/Users/chris/Code/waifu-rt3d/waifu-rt3d_v5.30/.venv/lib/python3.14/site-packages/starlette/_exception_handler.py", line 53, in wrapped_app
    raise exc
  File "/Users/chris/Code/waifu-rt3d/waifu-rt3d_v5.30/.venv/lib/python3.14/site-packages/starlette/_exception_handler.py", line 42, in wrapped_app
    await app(scope, receive, sender)
  File "/Users/chris/Code/waifu-rt3d/waifu-rt3d_v5.30/.venv/lib/python3.14/site-packages/fastapi/middleware/asyncexitstack.py", line 18, in __call__
    await self.app(scope, receive, send)
  File "/Users/chris/Code/waifu-rt3d/waifu-rt3d_v5.30/.venv/lib/python3.14/site-packages/starlette/routing.py", line 716, in __call__
    await self.middleware_stack(scope, receive, send)
  File "/Users/chris/Code/waifu-rt3d/waifu-rt3d_v5.30/.venv/lib/python3.14/site-packages/starlette/routing.py", line 736, in app
    await route.handle(scope, receive, send)
  File "/Users/chris/Code/waifu-rt3d/waifu-rt3d_v5.30/.venv/lib/python3.14/site-packages/starlette/routing.py", line 290, in handle
    await self.app(scope, receive, send)
  File "/Users/chris/Code/waifu-rt3d/waifu-rt3d_v5.30/.venv/lib/python3.14/site-packages/fastapi/routing.py", line 115, in app
    await wrap_app_handling_exceptions(app, request)(scope, receive, send)
  File "/Users/chris/Code/waifu-rt3d/waifu-rt3d_v5.30/.venv/lib/python3.14/site-packages/starlette/_exception_handler.py", line 53, in wrapped_app
    raise exc
  File "/Users/chris/Code/waifu-rt3d/waifu-rt3d_v5.30/.venv/lib/python3.14/site-packages/starlette/_exception_handler.py", line 42, in wrapped_app
    await app(scope, receive, sender)
  File "/Users/chris/Code/waifu-rt3d/waifu-rt3d_v5.30/.venv/lib/python3.14/site-packages/fastapi/routing.py", line 101, in app
    response = await f(request)
               ^^^^^^^^^^^^^^^^
  File "/Users/chris/Code/waifu-rt3d/waifu-rt3d_v5.30/.venv/lib/python3.14/site-packages/fastapi/routing.py", line 355, in app
    raw_response = await run_endpoint_function(
                   ^^^^^^^^^^^^^^^^^^^^^^^^^^^^
    ...<3 lines>...
    )
    ^
  File "/Users/chris/Code/waifu-rt3d/waifu-rt3d_v5.30/.venv/lib/python3.14/site-packages/fastapi/routing.py", line 243, in run_endpoint_function
    return await dependant.call(**values)
           ^^^^^^^^^^^^^^^^^^^^^^^^^^^^^^
  File "/Users/chris/Code/waifu-rt3d/waifu-rt3d_v5.30/backend/server.py", line 377, in create_session
    cur.execute("INSERT INTO sessions (title) VALUES (?)", (title,))
    ~~~~~~~~~~~^^^^^^^^^^^^^^^^^^^^^^^^^^^^^^^^^^^^^^^^^^^^^^^^^^^^^
sqlite3.OperationalError: no such table: sessions
2026-01-20 09:43:50,662 [ERROR] Global Error: no such table: sessions
Traceback (most recent call last):
  File "/Users/chris/Code/waifu-rt3d/waifu-rt3d_v5.30/.venv/lib/python3.14/site-packages/starlette/middleware/errors.py", line 164, in __call__
    await self.app(scope, receive, _send)
  File "/Users/chris/Code/waifu-rt3d/waifu-rt3d_v5.30/.venv/lib/python3.14/site-packages/starlette/middleware/cors.py", line 85, in __call__
    await self.app(scope, receive, send)
  File "/Users/chris/Code/waifu-rt3d/waifu-rt3d_v5.30/.venv/lib/python3.14/site-packages/starlette/middleware/exceptions.py", line 63, in __call__
    await wrap_app_handling_exceptions(self.app, conn)(scope, receive, send)
  File "/Users/chris/Code/waifu-rt3d/waifu-rt3d_v5.30/.venv/lib/python3.14/site-packages/starlette/_exception_handler.py", line 53, in wrapped_app
    raise exc
  File "/Users/chris/Code/waifu-rt3d/waifu-rt3d_v5.30/.venv/lib/python3.14/site-packages/starlette/_exception_handler.py", line 42, in wrapped_app
    await app(scope, receive, sender)
  File "/Users/chris/Code/waifu-rt3d/waifu-rt3d_v5.30/.venv/lib/python3.14/site-packages/fastapi/middleware/asyncexitstack.py", line 18, in __call__
    await self.app(scope, receive, send)
  File "/Users/chris/Code/waifu-rt3d/waifu-rt3d_v5.30/.venv/lib/python3.14/site-packages/starlette/routing.py", line 716, in __call__
    await self.middleware_stack(scope, receive, send)
  File "/Users/chris/Code/waifu-rt3d/waifu-rt3d_v5.30/.venv/lib/python3.14/site-packages/starlette/routing.py", line 736, in app
    await route.handle(scope, receive, send)
  File "/Users/chris/Code/waifu-rt3d/waifu-rt3d_v5.30/.venv/lib/python3.14/site-packages/starlette/routing.py", line 290, in handle
    await self.app(scope, receive, send)
  File "/Users/chris/Code/waifu-rt3d/waifu-rt3d_v5.30/.venv/lib/python3.14/site-packages/fastapi/routing.py", line 115, in app
    await wrap_app_handling_exceptions(app, request)(scope, receive, send)
  File "/Users/chris/Code/waifu-rt3d/waifu-rt3d_v5.30/.venv/lib/python3.14/site-packages/starlette/_exception_handler.py", line 53, in wrapped_app
    raise exc
  File "/Users/chris/Code/waifu-rt3d/waifu-rt3d_v5.30/.venv/lib/python3.14/site-packages/starlette/_exception_handler.py", line 42, in wrapped_app
    await app(scope, receive, sender)
  File "/Users/chris/Code/waifu-rt3d/waifu-rt3d_v5.30/.venv/lib/python3.14/site-packages/fastapi/routing.py", line 101, in app
    response = await f(request)
               ^^^^^^^^^^^^^^^^
  File "/Users/chris/Code/waifu-rt3d/waifu-rt3d_v5.30/.venv/lib/python3.14/site-packages/fastapi/routing.py", line 355, in app
    raw_response = await run_endpoint_function(
                   ^^^^^^^^^^^^^^^^^^^^^^^^^^^^
    ...<3 lines>...
    )
    ^
  File "/Users/chris/Code/waifu-rt3d/waifu-rt3d_v5.30/.venv/lib/python3.14/site-packages/fastapi/routing.py", line 243, in run_endpoint_function
    return await dependant.call(**values)
           ^^^^^^^^^^^^^^^^^^^^^^^^^^^^^^
  File "/Users/chris/Code/waifu-rt3d/waifu-rt3d_v5.30/backend/server.py", line 377, in create_session
    cur.execute("INSERT INTO sessions (title) VALUES (?)", (title,))
    ~~~~~~~~~~~^^^^^^^^^^^^^^^^^^^^^^^^^^^^^^^^^^^^^^^^^^^^^^^^^^^^^
sqlite3.OperationalError: no such table: sessions
2026-01-20 09:43:50,837 [ERROR] Global Error: no such table: sessions
Traceback (most recent call last):
  File "/Users/chris/Code/waifu-rt3d/waifu-rt3d_v5.30/.venv/lib/python3.14/site-packages/starlette/middleware/errors.py", line 164, in __call__
    await self.app(scope, receive, _send)
  File "/Users/chris/Code/waifu-rt3d/waifu-rt3d_v5.30/.venv/lib/python3.14/site-packages/starlette/middleware/cors.py", line 85, in __call__
    await self.app(scope, receive, send)
  File "/Users/chris/Code/waifu-rt3d/waifu-rt3d_v5.30/.venv/lib/python3.14/site-packages/starlette/middleware/exceptions.py", line 63, in __call__
    await wrap_app_handling_exceptions(self.app, conn)(scope, receive, send)
  File "/Users/chris/Code/waifu-rt3d/waifu-rt3d_v5.30/.venv/lib/python3.14/site-packages/starlette/_exception_handler.py", line 53, in wrapped_app
    raise exc
  File "/Users/chris/Code/waifu-rt3d/waifu-rt3d_v5.30/.venv/lib/python3.14/site-packages/starlette/_exception_handler.py", line 42, in wrapped_app
    await app(scope, receive, sender)
  File "/Users/chris/Code/waifu-rt3d/waifu-rt3d_v5.30/.venv/lib/python3.14/site-packages/fastapi/middleware/asyncexitstack.py", line 18, in __call__
    await self.app(scope, receive, send)
  File "/Users/chris/Code/waifu-rt3d/waifu-rt3d_v5.30/.venv/lib/python3.14/site-packages/starlette/routing.py", line 716, in __call__
    await self.middleware_stack(scope, receive, send)
  File "/Users/chris/Code/waifu-rt3d/waifu-rt3d_v5.30/.venv/lib/python3.14/site-packages/starlette/routing.py", line 736, in app
    await route.handle(scope, receive, send)
  File "/Users/chris/Code/waifu-rt3d/waifu-rt3d_v5.30/.venv/lib/python3.14/site-packages/starlette/routing.py", line 290, in handle
    await self.app(scope, receive, send)
  File "/Users/chris/Code/waifu-rt3d/waifu-rt3d_v5.30/.venv/lib/python3.14/site-packages/fastapi/routing.py", line 115, in app
    await wrap_app_handling_exceptions(app, request)(scope, receive, send)
  File "/Users/chris/Code/waifu-rt3d/waifu-rt3d_v5.30/.venv/lib/python3.14/site-packages/starlette/_exception_handler.py", line 53, in wrapped_app
    raise exc
  File "/Users/chris/Code/waifu-rt3d/waifu-rt3d_v5.30/.venv/lib/python3.14/site-packages/starlette/_exception_handler.py", line 42, in wrapped_app
    await app(scope, receive, sender)
  File "/Users/chris/Code/waifu-rt3d/waifu-rt3d_v5.30/.venv/lib/python3.14/site-packages/fastapi/routing.py", line 101, in app
    response = await f(request)
               ^^^^^^^^^^^^^^^^
  File "/Users/chris/Code/waifu-rt3d/waifu-rt3d_v5.30/.venv/lib/python3.14/site-packages/fastapi/routing.py", line 355, in app
    raw_response = await run_endpoint_function(
                   ^^^^^^^^^^^^^^^^^^^^^^^^^^^^
    ...<3 lines>...
    )
    ^
  File "/Users/chris/Code/waifu-rt3d/waifu-rt3d_v5.30/.venv/lib/python3.14/site-packages/fastapi/routing.py", line 243, in run_endpoint_function
    return await dependant.call(**values)
           ^^^^^^^^^^^^^^^^^^^^^^^^^^^^^^
  File "/Users/chris/Code/waifu-rt3d/waifu-rt3d_v5.30/backend/server.py", line 377, in create_session
    cur.execute("INSERT INTO sessions (title) VALUES (?)", (title,))
    ~~~~~~~~~~~^^^^^^^^^^^^^^^^^^^^^^^^^^^^^^^^^^^^^^^^^^^^^^^^^^^^^
sqlite3.OperationalError: no such table: sessions
2026-01-20 09:43:50,998 [ERROR] Global Error: no such table: sessions
Traceback (most recent call last):
  File "/Users/chris/Code/waifu-rt3d/waifu-rt3d_v5.30/.venv/lib/python3.14/site-packages/starlette/middleware/errors.py", line 164, in __call__
    await self.app(scope, receive, _send)
  File "/Users/chris/Code/waifu-rt3d/waifu-rt3d_v5.30/.venv/lib/python3.14/site-packages/starlette/middleware/cors.py", line 85, in __call__
    await self.app(scope, receive, send)
  File "/Users/chris/Code/waifu-rt3d/waifu-rt3d_v5.30/.venv/lib/python3.14/site-packages/starlette/middleware/exceptions.py", line 63, in __call__
    await wrap_app_handling_exceptions(self.app, conn)(scope, receive, send)
  File "/Users/chris/Code/waifu-rt3d/waifu-rt3d_v5.30/.venv/lib/python3.14/site-packages/starlette/_exception_handler.py", line 53, in wrapped_app
    raise exc
  File "/Users/chris/Code/waifu-rt3d/waifu-rt3d_v5.30/.venv/lib/python3.14/site-packages/starlette/_exception_handler.py", line 42, in wrapped_app
    await app(scope, receive, sender)
  File "/Users/chris/Code/waifu-rt3d/waifu-rt3d_v5.30/.venv/lib/python3.14/site-packages/fastapi/middleware/asyncexitstack.py", line 18, in __call__
    await self.app(scope, receive, send)
  File "/Users/chris/Code/waifu-rt3d/waifu-rt3d_v5.30/.venv/lib/python3.14/site-packages/starlette/routing.py", line 716, in __call__
    await self.middleware_stack(scope, receive, send)
  File "/Users/chris/Code/waifu-rt3d/waifu-rt3d_v5.30/.venv/lib/python3.14/site-packages/starlette/routing.py", line 736, in app
    await route.handle(scope, receive, send)
  File "/Users/chris/Code/waifu-rt3d/waifu-rt3d_v5.30/.venv/lib/python3.14/site-packages/starlette/routing.py", line 290, in handle
    await self.app(scope, receive, send)
  File "/Users/chris/Code/waifu-rt3d/waifu-rt3d_v5.30/.venv/lib/python3.14/site-packages/fastapi/routing.py", line 115, in app
    await wrap_app_handling_exceptions(app, request)(scope, receive, send)
  File "/Users/chris/Code/waifu-rt3d/waifu-rt3d_v5.30/.venv/lib/python3.14/site-packages/starlette/_exception_handler.py", line 53, in wrapped_app
    raise exc
  File "/Users/chris/Code/waifu-rt3d/waifu-rt3d_v5.30/.venv/lib/python3.14/site-packages/starlette/_exception_handler.py", line 42, in wrapped_app
    await app(scope, receive, sender)
  File "/Users/chris/Code/waifu-rt3d/waifu-rt3d_v5.30/.venv/lib/python3.14/site-packages/fastapi/routing.py", line 101, in app
    response = await f(request)
               ^^^^^^^^^^^^^^^^
  File "/Users/chris/Code/waifu-rt3d/waifu-rt3d_v5.30/.venv/lib/python3.14/site-packages/fastapi/routing.py", line 355, in app
    raw_response = await run_endpoint_function(
                   ^^^^^^^^^^^^^^^^^^^^^^^^^^^^
    ...<3 lines>...
    )
    ^
  File "/Users/chris/Code/waifu-rt3d/waifu-rt3d_v5.30/.venv/lib/python3.14/site-packages/fastapi/routing.py", line 243, in run_endpoint_function
    return await dependant.call(**values)
           ^^^^^^^^^^^^^^^^^^^^^^^^^^^^^^
  File "/Users/chris/Code/waifu-rt3d/waifu-rt3d_v5.30/backend/server.py", line 377, in create_session
    cur.execute("INSERT INTO sessions (title) VALUES (?)", (title,))
    ~~~~~~~~~~~^^^^^^^^^^^^^^^^^^^^^^^^^^^^^^^^^^^^^^^^^^^^^^^^^^^^^
sqlite3.OperationalError: no such table: sessions
2026-01-20 09:43:51,165 [ERROR] Global Error: no such table: sessions
Traceback (most recent call last):
  File "/Users/chris/Code/waifu-rt3d/waifu-rt3d_v5.30/.venv/lib/python3.14/site-packages/starlette/middleware/errors.py", line 164, in __call__
    await self.app(scope, receive, _send)
  File "/Users/chris/Code/waifu-rt3d/waifu-rt3d_v5.30/.venv/lib/python3.14/site-packages/starlette/middleware/cors.py", line 85, in __call__
    await self.app(scope, receive, send)
  File "/Users/chris/Code/waifu-rt3d/waifu-rt3d_v5.30/.venv/lib/python3.14/site-packages/starlette/middleware/exceptions.py", line 63, in __call__
    await wrap_app_handling_exceptions(self.app, conn)(scope, receive, send)
  File "/Users/chris/Code/waifu-rt3d/waifu-rt3d_v5.30/.venv/lib/python3.14/site-packages/starlette/_exception_handler.py", line 53, in wrapped_app
    raise exc
  File "/Users/chris/Code/waifu-rt3d/waifu-rt3d_v5.30/.venv/lib/python3.14/site-packages/starlette/_exception_handler.py", line 42, in wrapped_app
    await app(scope, receive, sender)
  File "/Users/chris/Code/waifu-rt3d/waifu-rt3d_v5.30/.venv/lib/python3.14/site-packages/fastapi/middleware/asyncexitstack.py", line 18, in __call__
    await self.app(scope, receive, send)
  File "/Users/chris/Code/waifu-rt3d/waifu-rt3d_v5.30/.venv/lib/python3.14/site-packages/starlette/routing.py", line 716, in __call__
    await self.middleware_stack(scope, receive, send)
  File "/Users/chris/Code/waifu-rt3d/waifu-rt3d_v5.30/.venv/lib/python3.14/site-packages/starlette/routing.py", line 736, in app
    await route.handle(scope, receive, send)
  File "/Users/chris/Code/waifu-rt3d/waifu-rt3d_v5.30/.venv/lib/python3.14/site-packages/starlette/routing.py", line 290, in handle
    await self.app(scope, receive, send)
  File "/Users/chris/Code/waifu-rt3d/waifu-rt3d_v5.30/.venv/lib/python3.14/site-packages/fastapi/routing.py", line 115, in app
    await wrap_app_handling_exceptions(app, request)(scope, receive, send)
  File "/Users/chris/Code/waifu-rt3d/waifu-rt3d_v5.30/.venv/lib/python3.14/site-packages/starlette/_exception_handler.py", line 53, in wrapped_app
    raise exc
  File "/Users/chris/Code/waifu-rt3d/waifu-rt3d_v5.30/.venv/lib/python3.14/site-packages/starlette/_exception_handler.py", line 42, in wrapped_app
    await app(scope, receive, sender)
  File "/Users/chris/Code/waifu-rt3d/waifu-rt3d_v5.30/.venv/lib/python3.14/site-packages/fastapi/routing.py", line 101, in app
    response = await f(request)
               ^^^^^^^^^^^^^^^^
  File "/Users/chris/Code/waifu-rt3d/waifu-rt3d_v5.30/.venv/lib/python3.14/site-packages/fastapi/routing.py", line 355, in app
    raw_response = await run_endpoint_function(
                   ^^^^^^^^^^^^^^^^^^^^^^^^^^^^
    ...<3 lines>...
    )
    ^
  File "/Users/chris/Code/waifu-rt3d/waifu-rt3d_v5.30/.venv/lib/python3.14/site-packages/fastapi/routing.py", line 243, in run_endpoint_function
    return await dependant.call(**values)
           ^^^^^^^^^^^^^^^^^^^^^^^^^^^^^^
  File "/Users/chris/Code/waifu-rt3d/waifu-rt3d_v5.30/backend/server.py", line 377, in create_session
    cur.execute("INSERT INTO sessions (title) VALUES (?)", (title,))
    ~~~~~~~~~~~^^^^^^^^^^^^^^^^^^^^^^^^^^^^^^^^^^^^^^^^^^^^^^^^^^^^^
sqlite3.OperationalError: no such table: sessions
2026-01-20 09:44:55,659 [INFO] --- WAIFU_LINK BOOT SEQUENCE v5.31.0 ---
2026-01-20 09:44:55,706 [ERROR] Global Error: no such table: sessions
Traceback (most recent call last):
  File "/Users/chris/Code/waifu-rt3d/waifu-rt3d_v5.30/backend/server.py", line 353, in list_sessions
    cur.execute("SELECT id, title, created_ts, (SELECT COUNT(id) FROM messages WHERE session_id=s.id) FROM sessions s WHERE (archived=0 OR archived IS NULL) ORDER BY created_ts DESC")
    ~~~~~~~~~~~^^^^^^^^^^^^^^^^^^^^^^^^^^^^^^^^^^^^^^^^^^^^^^^^^^^^^^^^^^^^^^^^^^^^^^^^^^^^^^^^^^^^^^^^^^^^^^^^^^^^^^^^^^^^^^^^^^^^^^^^^^^^^^^^^^^^^^^^^^^^^^^^^^^^^^^^^^^^^^^^^^^^^^^^
sqlite3.OperationalError: no such table: sessions

During handling of the above exception, another exception occurred:

Traceback (most recent call last):
  File "/Users/chris/Code/waifu-rt3d/waifu-rt3d_v5.30/.venv/lib/python3.14/site-packages/starlette/middleware/errors.py", line 164, in __call__
    await self.app(scope, receive, _send)
  File "/Users/chris/Code/waifu-rt3d/waifu-rt3d_v5.30/.venv/lib/python3.14/site-packages/starlette/middleware/cors.py", line 85, in __call__
    await self.app(scope, receive, send)
  File "/Users/chris/Code/waifu-rt3d/waifu-rt3d_v5.30/.venv/lib/python3.14/site-packages/starlette/middleware/exceptions.py", line 63, in __call__
    await wrap_app_handling_exceptions(self.app, conn)(scope, receive, send)
  File "/Users/chris/Code/waifu-rt3d/waifu-rt3d_v5.30/.venv/lib/python3.14/site-packages/starlette/_exception_handler.py", line 53, in wrapped_app
    raise exc
  File "/Users/chris/Code/waifu-rt3d/waifu-rt3d_v5.30/.venv/lib/python3.14/site-packages/starlette/_exception_handler.py", line 42, in wrapped_app
    await app(scope, receive, sender)
  File "/Users/chris/Code/waifu-rt3d/waifu-rt3d_v5.30/.venv/lib/python3.14/site-packages/fastapi/middleware/asyncexitstack.py", line 18, in __call__
    await self.app(scope, receive, send)
  File "/Users/chris/Code/waifu-rt3d/waifu-rt3d_v5.30/.venv/lib/python3.14/site-packages/starlette/routing.py", line 716, in __call__
    await self.middleware_stack(scope, receive, send)
  File "/Users/chris/Code/waifu-rt3d/waifu-rt3d_v5.30/.venv/lib/python3.14/site-packages/starlette/routing.py", line 736, in app
    await route.handle(scope, receive, send)
  File "/Users/chris/Code/waifu-rt3d/waifu-rt3d_v5.30/.venv/lib/python3.14/site-packages/starlette/routing.py", line 290, in handle
    await self.app(scope, receive, send)
  File "/Users/chris/Code/waifu-rt3d/waifu-rt3d_v5.30/.venv/lib/python3.14/site-packages/fastapi/routing.py", line 115, in app
    await wrap_app_handling_exceptions(app, request)(scope, receive, send)
  File "/Users/chris/Code/waifu-rt3d/waifu-rt3d_v5.30/.venv/lib/python3.14/site-packages/starlette/_exception_handler.py", line 53, in wrapped_app
    raise exc
  File "/Users/chris/Code/waifu-rt3d/waifu-rt3d_v5.30/.venv/lib/python3.14/site-packages/starlette/_exception_handler.py", line 42, in wrapped_app
    await app(scope, receive, sender)
  File "/Users/chris/Code/waifu-rt3d/waifu-rt3d_v5.30/.venv/lib/python3.14/site-packages/fastapi/routing.py", line 101, in app
    response = await f(request)
               ^^^^^^^^^^^^^^^^
  File "/Users/chris/Code/waifu-rt3d/waifu-rt3d_v5.30/.venv/lib/python3.14/site-packages/fastapi/routing.py", line 355, in app
    raw_response = await run_endpoint_function(
                   ^^^^^^^^^^^^^^^^^^^^^^^^^^^^
    ...<3 lines>...
    )
    ^
  File "/Users/chris/Code/waifu-rt3d/waifu-rt3d_v5.30/.venv/lib/python3.14/site-packages/fastapi/routing.py", line 245, in run_endpoint_function
    return await run_in_threadpool(dependant.call, **values)
           ^^^^^^^^^^^^^^^^^^^^^^^^^^^^^^^^^^^^^^^^^^^^^^^^^
  File "/Users/chris/Code/waifu-rt3d/waifu-rt3d_v5.30/.venv/lib/python3.14/site-packages/starlette/concurrency.py", line 32, in run_in_threadpool
    return await anyio.to_thread.run_sync(func)
           ^^^^^^^^^^^^^^^^^^^^^^^^^^^^^^^^^^^^
  File "/Users/chris/Code/waifu-rt3d/waifu-rt3d_v5.30/.venv/lib/python3.14/site-packages/anyio/to_thread.py", line 33, in run_sync
    return await get_asynclib().run_sync_in_worker_thread(
           ^^^^^^^^^^^^^^^^^^^^^^^^^^^^^^^^^^^^^^^^^^^^^^^
        func, *args, cancellable=cancellable, limiter=limiter
        ^^^^^^^^^^^^^^^^^^^^^^^^^^^^^^^^^^^^^^^^^^^^^^^^^^^^^
    )
    ^
  File "/Users/chris/Code/waifu-rt3d/waifu-rt3d_v5.30/.venv/lib/python3.14/site-packages/anyio/_backends/_asyncio.py", line 877, in run_sync_in_worker_thread
    return await future
           ^^^^^^^^^^^^
  File "/Users/chris/Code/waifu-rt3d/waifu-rt3d_v5.30/.venv/lib/python3.14/site-packages/anyio/_backends/_asyncio.py", line 807, in run
    result = context.run(func, *args)
  File "/Users/chris/Code/waifu-rt3d/waifu-rt3d_v5.30/backend/server.py", line 356, in list_sessions
    cur.execute("SELECT id, title, created_ts, (SELECT COUNT(id) FROM messages WHERE session_id=s.id) FROM sessions s ORDER BY created_ts DESC")
    ~~~~~~~~~~~^^^^^^^^^^^^^^^^^^^^^^^^^^^^^^^^^^^^^^^^^^^^^^^^^^^^^^^^^^^^^^^^^^^^^^^^^^^^^^^^^^^^^^^^^^^^^^^^^^^^^^^^^^^^^^^^^^^^^^^^^^^^^^^^^
sqlite3.OperationalError: no such table: sessions
2026-01-20 09:44:55,933 [ERROR] Global Error: no such table: sessions
Traceback (most recent call last):
  File "/Users/chris/Code/waifu-rt3d/waifu-rt3d_v5.30/.venv/lib/python3.14/site-packages/starlette/middleware/errors.py", line 164, in __call__
    await self.app(scope, receive, _send)
  File "/Users/chris/Code/waifu-rt3d/waifu-rt3d_v5.30/.venv/lib/python3.14/site-packages/starlette/middleware/cors.py", line 85, in __call__
    await self.app(scope, receive, send)
  File "/Users/chris/Code/waifu-rt3d/waifu-rt3d_v5.30/.venv/lib/python3.14/site-packages/starlette/middleware/exceptions.py", line 63, in __call__
    await wrap_app_handling_exceptions(self.app, conn)(scope, receive, send)
  File "/Users/chris/Code/waifu-rt3d/waifu-rt3d_v5.30/.venv/lib/python3.14/site-packages/starlette/_exception_handler.py", line 53, in wrapped_app
    raise exc
  File "/Users/chris/Code/waifu-rt3d/waifu-rt3d_v5.30/.venv/lib/python3.14/site-packages/starlette/_exception_handler.py", line 42, in wrapped_app
    await app(scope, receive, sender)
  File "/Users/chris/Code/waifu-rt3d/waifu-rt3d_v5.30/.venv/lib/python3.14/site-packages/fastapi/middleware/asyncexitstack.py", line 18, in __call__
    await self.app(scope, receive, send)
  File "/Users/chris/Code/waifu-rt3d/waifu-rt3d_v5.30/.venv/lib/python3.14/site-packages/starlette/routing.py", line 716, in __call__
    await self.middleware_stack(scope, receive, send)
  File "/Users/chris/Code/waifu-rt3d/waifu-rt3d_v5.30/.venv/lib/python3.14/site-packages/starlette/routing.py", line 736, in app
    await route.handle(scope, receive, send)
  File "/Users/chris/Code/waifu-rt3d/waifu-rt3d_v5.30/.venv/lib/python3.14/site-packages/starlette/routing.py", line 290, in handle
    await self.app(scope, receive, send)
  File "/Users/chris/Code/waifu-rt3d/waifu-rt3d_v5.30/.venv/lib/python3.14/site-packages/fastapi/routing.py", line 115, in app
    await wrap_app_handling_exceptions(app, request)(scope, receive, send)
  File "/Users/chris/Code/waifu-rt3d/waifu-rt3d_v5.30/.venv/lib/python3.14/site-packages/starlette/_exception_handler.py", line 53, in wrapped_app
    raise exc
  File "/Users/chris/Code/waifu-rt3d/waifu-rt3d_v5.30/.venv/lib/python3.14/site-packages/starlette/_exception_handler.py", line 42, in wrapped_app
    await app(scope, receive, sender)
  File "/Users/chris/Code/waifu-rt3d/waifu-rt3d_v5.30/.venv/lib/python3.14/site-packages/fastapi/routing.py", line 101, in app
    response = await f(request)
               ^^^^^^^^^^^^^^^^
  File "/Users/chris/Code/waifu-rt3d/waifu-rt3d_v5.30/.venv/lib/python3.14/site-packages/fastapi/routing.py", line 355, in app
    raw_response = await run_endpoint_function(
                   ^^^^^^^^^^^^^^^^^^^^^^^^^^^^
    ...<3 lines>...
    )
    ^
  File "/Users/chris/Code/waifu-rt3d/waifu-rt3d_v5.30/.venv/lib/python3.14/site-packages/fastapi/routing.py", line 243, in run_endpoint_function
    return await dependant.call(**values)
           ^^^^^^^^^^^^^^^^^^^^^^^^^^^^^^
  File "/Users/chris/Code/waifu-rt3d/waifu-rt3d_v5.30/backend/server.py", line 377, in create_session
    cur.execute("INSERT INTO sessions (title) VALUES (?)", (title,))
    ~~~~~~~~~~~^^^^^^^^^^^^^^^^^^^^^^^^^^^^^^^^^^^^^^^^^^^^^^^^^^^^^
sqlite3.OperationalError: no such table: sessions
2026-01-20 09:44:56,108 [ERROR] Global Error: no such table: sessions
Traceback (most recent call last):
  File "/Users/chris/Code/waifu-rt3d/waifu-rt3d_v5.30/.venv/lib/python3.14/site-packages/starlette/middleware/errors.py", line 164, in __call__
    await self.app(scope, receive, _send)
  File "/Users/chris/Code/waifu-rt3d/waifu-rt3d_v5.30/.venv/lib/python3.14/site-packages/starlette/middleware/cors.py", line 85, in __call__
    await self.app(scope, receive, send)
  File "/Users/chris/Code/waifu-rt3d/waifu-rt3d_v5.30/.venv/lib/python3.14/site-packages/starlette/middleware/exceptions.py", line 63, in __call__
    await wrap_app_handling_exceptions(self.app, conn)(scope, receive, send)
  File "/Users/chris/Code/waifu-rt3d/waifu-rt3d_v5.30/.venv/lib/python3.14/site-packages/starlette/_exception_handler.py", line 53, in wrapped_app
    raise exc
  File "/Users/chris/Code/waifu-rt3d/waifu-rt3d_v5.30/.venv/lib/python3.14/site-packages/starlette/_exception_handler.py", line 42, in wrapped_app
    await app(scope, receive, sender)
  File "/Users/chris/Code/waifu-rt3d/waifu-rt3d_v5.30/.venv/lib/python3.14/site-packages/fastapi/middleware/asyncexitstack.py", line 18, in __call__
    await self.app(scope, receive, send)
  File "/Users/chris/Code/waifu-rt3d/waifu-rt3d_v5.30/.venv/lib/python3.14/site-packages/starlette/routing.py", line 716, in __call__
    await self.middleware_stack(scope, receive, send)
  File "/Users/chris/Code/waifu-rt3d/waifu-rt3d_v5.30/.venv/lib/python3.14/site-packages/starlette/routing.py", line 736, in app
    await route.handle(scope, receive, send)
  File "/Users/chris/Code/waifu-rt3d/waifu-rt3d_v5.30/.venv/lib/python3.14/site-packages/starlette/routing.py", line 290, in handle
    await self.app(scope, receive, send)
  File "/Users/chris/Code/waifu-rt3d/waifu-rt3d_v5.30/.venv/lib/python3.14/site-packages/fastapi/routing.py", line 115, in app
    await wrap_app_handling_exceptions(app, request)(scope, receive, send)
  File "/Users/chris/Code/waifu-rt3d/waifu-rt3d_v5.30/.venv/lib/python3.14/site-packages/starlette/_exception_handler.py", line 53, in wrapped_app
    raise exc
  File "/Users/chris/Code/waifu-rt3d/waifu-rt3d_v5.30/.venv/lib/python3.14/site-packages/starlette/_exception_handler.py", line 42, in wrapped_app
    await app(scope, receive, sender)
  File "/Users/chris/Code/waifu-rt3d/waifu-rt3d_v5.30/.venv/lib/python3.14/site-packages/fastapi/routing.py", line 101, in app
    response = await f(request)
               ^^^^^^^^^^^^^^^^
  File "/Users/chris/Code/waifu-rt3d/waifu-rt3d_v5.30/.venv/lib/python3.14/site-packages/fastapi/routing.py", line 355, in app
    raw_response = await run_endpoint_function(
                   ^^^^^^^^^^^^^^^^^^^^^^^^^^^^
    ...<3 lines>...
    )
    ^
  File "/Users/chris/Code/waifu-rt3d/waifu-rt3d_v5.30/.venv/lib/python3.14/site-packages/fastapi/routing.py", line 243, in run_endpoint_function
    return await dependant.call(**values)
           ^^^^^^^^^^^^^^^^^^^^^^^^^^^^^^
  File "/Users/chris/Code/waifu-rt3d/waifu-rt3d_v5.30/backend/server.py", line 377, in create_session
    cur.execute("INSERT INTO sessions (title) VALUES (?)", (title,))
    ~~~~~~~~~~~^^^^^^^^^^^^^^^^^^^^^^^^^^^^^^^^^^^^^^^^^^^^^^^^^^^^^
sqlite3.OperationalError: no such table: sessions
2026-01-20 09:44:56,286 [ERROR] Global Error: no such table: sessions
Traceback (most recent call last):
  File "/Users/chris/Code/waifu-rt3d/waifu-rt3d_v5.30/.venv/lib/python3.14/site-packages/starlette/middleware/errors.py", line 164, in __call__
    await self.app(scope, receive, _send)
  File "/Users/chris/Code/waifu-rt3d/waifu-rt3d_v5.30/.venv/lib/python3.14/site-packages/starlette/middleware/cors.py", line 85, in __call__
    await self.app(scope, receive, send)
  File "/Users/chris/Code/waifu-rt3d/waifu-rt3d_v5.30/.venv/lib/python3.14/site-packages/starlette/middleware/exceptions.py", line 63, in __call__
    await wrap_app_handling_exceptions(self.app, conn)(scope, receive, send)
  File "/Users/chris/Code/waifu-rt3d/waifu-rt3d_v5.30/.venv/lib/python3.14/site-packages/starlette/_exception_handler.py", line 53, in wrapped_app
    raise exc
  File "/Users/chris/Code/waifu-rt3d/waifu-rt3d_v5.30/.venv/lib/python3.14/site-packages/starlette/_exception_handler.py", line 42, in wrapped_app
    await app(scope, receive, sender)
  File "/Users/chris/Code/waifu-rt3d/waifu-rt3d_v5.30/.venv/lib/python3.14/site-packages/fastapi/middleware/asyncexitstack.py", line 18, in __call__
    await self.app(scope, receive, send)
  File "/Users/chris/Code/waifu-rt3d/waifu-rt3d_v5.30/.venv/lib/python3.14/site-packages/starlette/routing.py", line 716, in __call__
    await self.middleware_stack(scope, receive, send)
  File "/Users/chris/Code/waifu-rt3d/waifu-rt3d_v5.30/.venv/lib/python3.14/site-packages/starlette/routing.py", line 736, in app
    await route.handle(scope, receive, send)
  File "/Users/chris/Code/waifu-rt3d/waifu-rt3d_v5.30/.venv/lib/python3.14/site-packages/starlette/routing.py", line 290, in handle
    await self.app(scope, receive, send)
  File "/Users/chris/Code/waifu-rt3d/waifu-rt3d_v5.30/.venv/lib/python3.14/site-packages/fastapi/routing.py", line 115, in app
    await wrap_app_handling_exceptions(app, request)(scope, receive, send)
  File "/Users/chris/Code/waifu-rt3d/waifu-rt3d_v5.30/.venv/lib/python3.14/site-packages/starlette/_exception_handler.py", line 53, in wrapped_app
    raise exc
  File "/Users/chris/Code/waifu-rt3d/waifu-rt3d_v5.30/.venv/lib/python3.14/site-packages/starlette/_exception_handler.py", line 42, in wrapped_app
    await app(scope, receive, sender)
  File "/Users/chris/Code/waifu-rt3d/waifu-rt3d_v5.30/.venv/lib/python3.14/site-packages/fastapi/routing.py", line 101, in app
    response = await f(request)
               ^^^^^^^^^^^^^^^^
  File "/Users/chris/Code/waifu-rt3d/waifu-rt3d_v5.30/.venv/lib/python3.14/site-packages/fastapi/routing.py", line 355, in app
    raw_response = await run_endpoint_function(
                   ^^^^^^^^^^^^^^^^^^^^^^^^^^^^
    ...<3 lines>...
    )
    ^
  File "/Users/chris/Code/waifu-rt3d/waifu-rt3d_v5.30/.venv/lib/python3.14/site-packages/fastapi/routing.py", line 243, in run_endpoint_function
    return await dependant.call(**values)
           ^^^^^^^^^^^^^^^^^^^^^^^^^^^^^^
  File "/Users/chris/Code/waifu-rt3d/waifu-rt3d_v5.30/backend/server.py", line 377, in create_session
    cur.execute("INSERT INTO sessions (title) VALUES (?)", (title,))
    ~~~~~~~~~~~^^^^^^^^^^^^^^^^^^^^^^^^^^^^^^^^^^^^^^^^^^^^^^^^^^^^^
sqlite3.OperationalError: no such table: sessions
2026-01-20 09:44:56,451 [ERROR] Global Error: no such table: sessions
Traceback (most recent call last):
  File "/Users/chris/Code/waifu-rt3d/waifu-rt3d_v5.30/.venv/lib/python3.14/site-packages/starlette/middleware/errors.py", line 164, in __call__
    await self.app(scope, receive, _send)
  File "/Users/chris/Code/waifu-rt3d/waifu-rt3d_v5.30/.venv/lib/python3.14/site-packages/starlette/middleware/cors.py", line 85, in __call__
    await self.app(scope, receive, send)
  File "/Users/chris/Code/waifu-rt3d/waifu-rt3d_v5.30/.venv/lib/python3.14/site-packages/starlette/middleware/exceptions.py", line 63, in __call__
    await wrap_app_handling_exceptions(self.app, conn)(scope, receive, send)
  File "/Users/chris/Code/waifu-rt3d/waifu-rt3d_v5.30/.venv/lib/python3.14/site-packages/starlette/_exception_handler.py", line 53, in wrapped_app
    raise exc
  File "/Users/chris/Code/waifu-rt3d/waifu-rt3d_v5.30/.venv/lib/python3.14/site-packages/starlette/_exception_handler.py", line 42, in wrapped_app
    await app(scope, receive, sender)
  File "/Users/chris/Code/waifu-rt3d/waifu-rt3d_v5.30/.venv/lib/python3.14/site-packages/fastapi/middleware/asyncexitstack.py", line 18, in __call__
    await self.app(scope, receive, send)
  File "/Users/chris/Code/waifu-rt3d/waifu-rt3d_v5.30/.venv/lib/python3.14/site-packages/starlette/routing.py", line 716, in __call__
    await self.middleware_stack(scope, receive, send)
  File "/Users/chris/Code/waifu-rt3d/waifu-rt3d_v5.30/.venv/lib/python3.14/site-packages/starlette/routing.py", line 736, in app
    await route.handle(scope, receive, send)
  File "/Users/chris/Code/waifu-rt3d/waifu-rt3d_v5.30/.venv/lib/python3.14/site-packages/starlette/routing.py", line 290, in handle
    await self.app(scope, receive, send)
  File "/Users/chris/Code/waifu-rt3d/waifu-rt3d_v5.30/.venv/lib/python3.14/site-packages/fastapi/routing.py", line 115, in app
    await wrap_app_handling_exceptions(app, request)(scope, receive, send)
  File "/Users/chris/Code/waifu-rt3d/waifu-rt3d_v5.30/.venv/lib/python3.14/site-packages/starlette/_exception_handler.py", line 53, in wrapped_app
    raise exc
  File "/Users/chris/Code/waifu-rt3d/waifu-rt3d_v5.30/.venv/lib/python3.14/site-packages/starlette/_exception_handler.py", line 42, in wrapped_app
    await app(scope, receive, sender)
  File "/Users/chris/Code/waifu-rt3d/waifu-rt3d_v5.30/.venv/lib/python3.14/site-packages/fastapi/routing.py", line 101, in app
    response = await f(request)
               ^^^^^^^^^^^^^^^^
  File "/Users/chris/Code/waifu-rt3d/waifu-rt3d_v5.30/.venv/lib/python3.14/site-packages/fastapi/routing.py", line 355, in app
    raw_response = await run_endpoint_function(
                   ^^^^^^^^^^^^^^^^^^^^^^^^^^^^
    ...<3 lines>...
    )
    ^
  File "/Users/chris/Code/waifu-rt3d/waifu-rt3d_v5.30/.venv/lib/python3.14/site-packages/fastapi/routing.py", line 243, in run_endpoint_function
    return await dependant.call(**values)
           ^^^^^^^^^^^^^^^^^^^^^^^^^^^^^^
  File "/Users/chris/Code/waifu-rt3d/waifu-rt3d_v5.30/backend/server.py", line 377, in create_session
    cur.execute("INSERT INTO sessions (title) VALUES (?)", (title,))
    ~~~~~~~~~~~^^^^^^^^^^^^^^^^^^^^^^^^^^^^^^^^^^^^^^^^^^^^^^^^^^^^^
sqlite3.OperationalError: no such table: sessions
2026-01-20 09:44:56,617 [ERROR] Global Error: no such table: sessions
Traceback (most recent call last):
  File "/Users/chris/Code/waifu-rt3d/waifu-rt3d_v5.30/.venv/lib/python3.14/site-packages/starlette/middleware/errors.py", line 164, in __call__
    await self.app(scope, receive, _send)
  File "/Users/chris/Code/waifu-rt3d/waifu-rt3d_v5.30/.venv/lib/python3.14/site-packages/starlette/middleware/cors.py", line 85, in __call__
    await self.app(scope, receive, send)
  File "/Users/chris/Code/waifu-rt3d/waifu-rt3d_v5.30/.venv/lib/python3.14/site-packages/starlette/middleware/exceptions.py", line 63, in __call__
    await wrap_app_handling_exceptions(self.app, conn)(scope, receive, send)
  File "/Users/chris/Code/waifu-rt3d/waifu-rt3d_v5.30/.venv/lib/python3.14/site-packages/starlette/_exception_handler.py", line 53, in wrapped_app
    raise exc
  File "/Users/chris/Code/waifu-rt3d/waifu-rt3d_v5.30/.venv/lib/python3.14/site-packages/starlette/_exception_handler.py", line 42, in wrapped_app
    await app(scope, receive, sender)
  File "/Users/chris/Code/waifu-rt3d/waifu-rt3d_v5.30/.venv/lib/python3.14/site-packages/fastapi/middleware/asyncexitstack.py", line 18, in __call__
    await self.app(scope, receive, send)
  File "/Users/chris/Code/waifu-rt3d/waifu-rt3d_v5.30/.venv/lib/python3.14/site-packages/starlette/routing.py", line 716, in __call__
    await self.middleware_stack(scope, receive, send)
  File "/Users/chris/Code/waifu-rt3d/waifu-rt3d_v5.30/.venv/lib/python3.14/site-packages/starlette/routing.py", line 736, in app
    await route.handle(scope, receive, send)
  File "/Users/chris/Code/waifu-rt3d/waifu-rt3d_v5.30/.venv/lib/python3.14/site-packages/starlette/routing.py", line 290, in handle
    await self.app(scope, receive, send)
  File "/Users/chris/Code/waifu-rt3d/waifu-rt3d_v5.30/.venv/lib/python3.14/site-packages/fastapi/routing.py", line 115, in app
    await wrap_app_handling_exceptions(app, request)(scope, receive, send)
  File "/Users/chris/Code/waifu-rt3d/waifu-rt3d_v5.30/.venv/lib/python3.14/site-packages/starlette/_exception_handler.py", line 53, in wrapped_app
    raise exc
  File "/Users/chris/Code/waifu-rt3d/waifu-rt3d_v5.30/.venv/lib/python3.14/site-packages/starlette/_exception_handler.py", line 42, in wrapped_app
    await app(scope, receive, sender)
  File "/Users/chris/Code/waifu-rt3d/waifu-rt3d_v5.30/.venv/lib/python3.14/site-packages/fastapi/routing.py", line 101, in app
    response = await f(request)
               ^^^^^^^^^^^^^^^^
  File "/Users/chris/Code/waifu-rt3d/waifu-rt3d_v5.30/.venv/lib/python3.14/site-packages/fastapi/routing.py", line 355, in app
    raw_response = await run_endpoint_function(
                   ^^^^^^^^^^^^^^^^^^^^^^^^^^^^
    ...<3 lines>...
    )
    ^
  File "/Users/chris/Code/waifu-rt3d/waifu-rt3d_v5.30/.venv/lib/python3.14/site-packages/fastapi/routing.py", line 243, in run_endpoint_function
    return await dependant.call(**values)
           ^^^^^^^^^^^^^^^^^^^^^^^^^^^^^^
  File "/Users/chris/Code/waifu-rt3d/waifu-rt3d_v5.30/backend/server.py", line 377, in create_session
    cur.execute("INSERT INTO sessions (title) VALUES (?)", (title,))
    ~~~~~~~~~~~^^^^^^^^^^^^^^^^^^^^^^^^^^^^^^^^^^^^^^^^^^^^^^^^^^^^^
sqlite3.OperationalError: no such table: sessions
2026-01-20 09:47:03,607 [INFO] --- WAIFU_LINK BOOT SEQUENCE v5.31.0 ---
2026-01-20 09:47:03,647 [ERROR] Global Error: no such table: sessions
Traceback (most recent call last):
  File "/Users/chris/Code/waifu-rt3d/waifu-rt3d_v5.30/backend/server.py", line 353, in list_sessions
    cur.execute("SELECT id, title, created_ts, (SELECT COUNT(id) FROM messages WHERE session_id=s.id) FROM sessions s WHERE (archived=0 OR archived IS NULL) ORDER BY created_ts DESC")
    ~~~~~~~~~~~^^^^^^^^^^^^^^^^^^^^^^^^^^^^^^^^^^^^^^^^^^^^^^^^^^^^^^^^^^^^^^^^^^^^^^^^^^^^^^^^^^^^^^^^^^^^^^^^^^^^^^^^^^^^^^^^^^^^^^^^^^^^^^^^^^^^^^^^^^^^^^^^^^^^^^^^^^^^^^^^^^^^^^^^
sqlite3.OperationalError: no such table: sessions

During handling of the above exception, another exception occurred:

Traceback (most recent call last):
  File "/Users/chris/Code/waifu-rt3d/waifu-rt3d_v5.30/.venv/lib/python3.14/site-packages/starlette/middleware/errors.py", line 164, in __call__
    await self.app(scope, receive, _send)
  File "/Users/chris/Code/waifu-rt3d/waifu-rt3d_v5.30/.venv/lib/python3.14/site-packages/starlette/middleware/cors.py", line 85, in __call__
    await self.app(scope, receive, send)
  File "/Users/chris/Code/waifu-rt3d/waifu-rt3d_v5.30/.venv/lib/python3.14/site-packages/starlette/middleware/exceptions.py", line 63, in __call__
    await wrap_app_handling_exceptions(self.app, conn)(scope, receive, send)
  File "/Users/chris/Code/waifu-rt3d/waifu-rt3d_v5.30/.venv/lib/python3.14/site-packages/starlette/_exception_handler.py", line 53, in wrapped_app
    raise exc
  File "/Users/chris/Code/waifu-rt3d/waifu-rt3d_v5.30/.venv/lib/python3.14/site-packages/starlette/_exception_handler.py", line 42, in wrapped_app
    await app(scope, receive, sender)
  File "/Users/chris/Code/waifu-rt3d/waifu-rt3d_v5.30/.venv/lib/python3.14/site-packages/fastapi/middleware/asyncexitstack.py", line 18, in __call__
    await self.app(scope, receive, send)
  File "/Users/chris/Code/waifu-rt3d/waifu-rt3d_v5.30/.venv/lib/python3.14/site-packages/starlette/routing.py", line 716, in __call__
    await self.middleware_stack(scope, receive, send)
  File "/Users/chris/Code/waifu-rt3d/waifu-rt3d_v5.30/.venv/lib/python3.14/site-packages/starlette/routing.py", line 736, in app
    await route.handle(scope, receive, send)
  File "/Users/chris/Code/waifu-rt3d/waifu-rt3d_v5.30/.venv/lib/python3.14/site-packages/starlette/routing.py", line 290, in handle
    await self.app(scope, receive, send)
  File "/Users/chris/Code/waifu-rt3d/waifu-rt3d_v5.30/.venv/lib/python3.14/site-packages/fastapi/routing.py", line 115, in app
    await wrap_app_handling_exceptions(app, request)(scope, receive, send)
  File "/Users/chris/Code/waifu-rt3d/waifu-rt3d_v5.30/.venv/lib/python3.14/site-packages/starlette/_exception_handler.py", line 53, in wrapped_app
    raise exc
  File "/Users/chris/Code/waifu-rt3d/waifu-rt3d_v5.30/.venv/lib/python3.14/site-packages/starlette/_exception_handler.py", line 42, in wrapped_app
    await app(scope, receive, sender)
  File "/Users/chris/Code/waifu-rt3d/waifu-rt3d_v5.30/.venv/lib/python3.14/site-packages/fastapi/routing.py", line 101, in app
    response = await f(request)
               ^^^^^^^^^^^^^^^^
  File "/Users/chris/Code/waifu-rt3d/waifu-rt3d_v5.30/.venv/lib/python3.14/site-packages/fastapi/routing.py", line 355, in app
    raw_response = await run_endpoint_function(
                   ^^^^^^^^^^^^^^^^^^^^^^^^^^^^
    ...<3 lines>...
    )
    ^
  File "/Users/chris/Code/waifu-rt3d/waifu-rt3d_v5.30/.venv/lib/python3.14/site-packages/fastapi/routing.py", line 245, in run_endpoint_function
    return await run_in_threadpool(dependant.call, **values)
           ^^^^^^^^^^^^^^^^^^^^^^^^^^^^^^^^^^^^^^^^^^^^^^^^^
  File "/Users/chris/Code/waifu-rt3d/waifu-rt3d_v5.30/.venv/lib/python3.14/site-packages/starlette/concurrency.py", line 32, in run_in_threadpool
    return await anyio.to_thread.run_sync(func)
           ^^^^^^^^^^^^^^^^^^^^^^^^^^^^^^^^^^^^
  File "/Users/chris/Code/waifu-rt3d/waifu-rt3d_v5.30/.venv/lib/python3.14/site-packages/anyio/to_thread.py", line 33, in run_sync
    return await get_asynclib().run_sync_in_worker_thread(
           ^^^^^^^^^^^^^^^^^^^^^^^^^^^^^^^^^^^^^^^^^^^^^^^
        func, *args, cancellable=cancellable, limiter=limiter
        ^^^^^^^^^^^^^^^^^^^^^^^^^^^^^^^^^^^^^^^^^^^^^^^^^^^^^
    )
    ^
  File "/Users/chris/Code/waifu-rt3d/waifu-rt3d_v5.30/.venv/lib/python3.14/site-packages/anyio/_backends/_asyncio.py", line 877, in run_sync_in_worker_thread
    return await future
           ^^^^^^^^^^^^
  File "/Users/chris/Code/waifu-rt3d/waifu-rt3d_v5.30/.venv/lib/python3.14/site-packages/anyio/_backends/_asyncio.py", line 807, in run
    result = context.run(func, *args)
  File "/Users/chris/Code/waifu-rt3d/waifu-rt3d_v5.30/backend/server.py", line 356, in list_sessions
    cur.execute("SELECT id, title, created_ts, (SELECT COUNT(id) FROM messages WHERE session_id=s.id) FROM sessions s ORDER BY created_ts DESC")
    ~~~~~~~~~~~^^^^^^^^^^^^^^^^^^^^^^^^^^^^^^^^^^^^^^^^^^^^^^^^^^^^^^^^^^^^^^^^^^^^^^^^^^^^^^^^^^^^^^^^^^^^^^^^^^^^^^^^^^^^^^^^^^^^^^^^^^^^^^^^^
sqlite3.OperationalError: no such table: sessions
2026-01-20 09:47:03,880 [ERROR] Global Error: no such table: sessions
Traceback (most recent call last):
  File "/Users/chris/Code/waifu-rt3d/waifu-rt3d_v5.30/.venv/lib/python3.14/site-packages/starlette/middleware/errors.py", line 164, in __call__
    await self.app(scope, receive, _send)
  File "/Users/chris/Code/waifu-rt3d/waifu-rt3d_v5.30/.venv/lib/python3.14/site-packages/starlette/middleware/cors.py", line 85, in __call__
    await self.app(scope, receive, send)
  File "/Users/chris/Code/waifu-rt3d/waifu-rt3d_v5.30/.venv/lib/python3.14/site-packages/starlette/middleware/exceptions.py", line 63, in __call__
    await wrap_app_handling_exceptions(self.app, conn)(scope, receive, send)
  File "/Users/chris/Code/waifu-rt3d/waifu-rt3d_v5.30/.venv/lib/python3.14/site-packages/starlette/_exception_handler.py", line 53, in wrapped_app
    raise exc
  File "/Users/chris/Code/waifu-rt3d/waifu-rt3d_v5.30/.venv/lib/python3.14/site-packages/starlette/_exception_handler.py", line 42, in wrapped_app
    await app(scope, receive, sender)
  File "/Users/chris/Code/waifu-rt3d/waifu-rt3d_v5.30/.venv/lib/python3.14/site-packages/fastapi/middleware/asyncexitstack.py", line 18, in __call__
    await self.app(scope, receive, send)
  File "/Users/chris/Code/waifu-rt3d/waifu-rt3d_v5.30/.venv/lib/python3.14/site-packages/starlette/routing.py", line 716, in __call__
    await self.middleware_stack(scope, receive, send)
  File "/Users/chris/Code/waifu-rt3d/waifu-rt3d_v5.30/.venv/lib/python3.14/site-packages/starlette/routing.py", line 736, in app
    await route.handle(scope, receive, send)
  File "/Users/chris/Code/waifu-rt3d/waifu-rt3d_v5.30/.venv/lib/python3.14/site-packages/starlette/routing.py", line 290, in handle
    await self.app(scope, receive, send)
  File "/Users/chris/Code/waifu-rt3d/waifu-rt3d_v5.30/.venv/lib/python3.14/site-packages/fastapi/routing.py", line 115, in app
    await wrap_app_handling_exceptions(app, request)(scope, receive, send)
  File "/Users/chris/Code/waifu-rt3d/waifu-rt3d_v5.30/.venv/lib/python3.14/site-packages/starlette/_exception_handler.py", line 53, in wrapped_app
    raise exc
  File "/Users/chris/Code/waifu-rt3d/waifu-rt3d_v5.30/.venv/lib/python3.14/site-packages/starlette/_exception_handler.py", line 42, in wrapped_app
    await app(scope, receive, sender)
  File "/Users/chris/Code/waifu-rt3d/waifu-rt3d_v5.30/.venv/lib/python3.14/site-packages/fastapi/routing.py", line 101, in app
    response = await f(request)
               ^^^^^^^^^^^^^^^^
  File "/Users/chris/Code/waifu-rt3d/waifu-rt3d_v5.30/.venv/lib/python3.14/site-packages/fastapi/routing.py", line 355, in app
    raw_response = await run_endpoint_function(
                   ^^^^^^^^^^^^^^^^^^^^^^^^^^^^
    ...<3 lines>...
    )
    ^
  File "/Users/chris/Code/waifu-rt3d/waifu-rt3d_v5.30/.venv/lib/python3.14/site-packages/fastapi/routing.py", line 243, in run_endpoint_function
    return await dependant.call(**values)
           ^^^^^^^^^^^^^^^^^^^^^^^^^^^^^^
  File "/Users/chris/Code/waifu-rt3d/waifu-rt3d_v5.30/backend/server.py", line 377, in create_session
    cur.execute("INSERT INTO sessions (title) VALUES (?)", (title,))
    ~~~~~~~~~~~^^^^^^^^^^^^^^^^^^^^^^^^^^^^^^^^^^^^^^^^^^^^^^^^^^^^^
sqlite3.OperationalError: no such table: sessions
2026-01-20 09:47:04,059 [ERROR] Global Error: no such table: sessions
Traceback (most recent call last):
  File "/Users/chris/Code/waifu-rt3d/waifu-rt3d_v5.30/.venv/lib/python3.14/site-packages/starlette/middleware/errors.py", line 164, in __call__
    await self.app(scope, receive, _send)
  File "/Users/chris/Code/waifu-rt3d/waifu-rt3d_v5.30/.venv/lib/python3.14/site-packages/starlette/middleware/cors.py", line 85, in __call__
    await self.app(scope, receive, send)
  File "/Users/chris/Code/waifu-rt3d/waifu-rt3d_v5.30/.venv/lib/python3.14/site-packages/starlette/middleware/exceptions.py", line 63, in __call__
    await wrap_app_handling_exceptions(self.app, conn)(scope, receive, send)
  File "/Users/chris/Code/waifu-rt3d/waifu-rt3d_v5.30/.venv/lib/python3.14/site-packages/starlette/_exception_handler.py", line 53, in wrapped_app
    raise exc
  File "/Users/chris/Code/waifu-rt3d/waifu-rt3d_v5.30/.venv/lib/python3.14/site-packages/starlette/_exception_handler.py", line 42, in wrapped_app
    await app(scope, receive, sender)
  File "/Users/chris/Code/waifu-rt3d/waifu-rt3d_v5.30/.venv/lib/python3.14/site-packages/fastapi/middleware/asyncexitstack.py", line 18, in __call__
    await self.app(scope, receive, send)
  File "/Users/chris/Code/waifu-rt3d/waifu-rt3d_v5.30/.venv/lib/python3.14/site-packages/starlette/routing.py", line 716, in __call__
    await self.middleware_stack(scope, receive, send)
  File "/Users/chris/Code/waifu-rt3d/waifu-rt3d_v5.30/.venv/lib/python3.14/site-packages/starlette/routing.py", line 736, in app
    await route.handle(scope, receive, send)
  File "/Users/chris/Code/waifu-rt3d/waifu-rt3d_v5.30/.venv/lib/python3.14/site-packages/starlette/routing.py", line 290, in handle
    await self.app(scope, receive, send)
  File "/Users/chris/Code/waifu-rt3d/waifu-rt3d_v5.30/.venv/lib/python3.14/site-packages/fastapi/routing.py", line 115, in app
    await wrap_app_handling_exceptions(app, request)(scope, receive, send)
  File "/Users/chris/Code/waifu-rt3d/waifu-rt3d_v5.30/.venv/lib/python3.14/site-packages/starlette/_exception_handler.py", line 53, in wrapped_app
    raise exc
  File "/Users/chris/Code/waifu-rt3d/waifu-rt3d_v5.30/.venv/lib/python3.14/site-packages/starlette/_exception_handler.py", line 42, in wrapped_app
    await app(scope, receive, sender)
  File "/Users/chris/Code/waifu-rt3d/waifu-rt3d_v5.30/.venv/lib/python3.14/site-packages/fastapi/routing.py", line 101, in app
    response = await f(request)
               ^^^^^^^^^^^^^^^^
  File "/Users/chris/Code/waifu-rt3d/waifu-rt3d_v5.30/.venv/lib/python3.14/site-packages/fastapi/routing.py", line 355, in app
    raw_response = await run_endpoint_function(
                   ^^^^^^^^^^^^^^^^^^^^^^^^^^^^
    ...<3 lines>...
    )
    ^
  File "/Users/chris/Code/waifu-rt3d/waifu-rt3d_v5.30/.venv/lib/python3.14/site-packages/fastapi/routing.py", line 243, in run_endpoint_function
    return await dependant.call(**values)
           ^^^^^^^^^^^^^^^^^^^^^^^^^^^^^^
  File "/Users/chris/Code/waifu-rt3d/waifu-rt3d_v5.30/backend/server.py", line 377, in create_session
    cur.execute("INSERT INTO sessions (title) VALUES (?)", (title,))
    ~~~~~~~~~~~^^^^^^^^^^^^^^^^^^^^^^^^^^^^^^^^^^^^^^^^^^^^^^^^^^^^^
sqlite3.OperationalError: no such table: sessions
2026-01-20 09:47:04,245 [ERROR] Global Error: no such table: sessions
Traceback (most recent call last):
  File "/Users/chris/Code/waifu-rt3d/waifu-rt3d_v5.30/.venv/lib/python3.14/site-packages/starlette/middleware/errors.py", line 164, in __call__
    await self.app(scope, receive, _send)
  File "/Users/chris/Code/waifu-rt3d/waifu-rt3d_v5.30/.venv/lib/python3.14/site-packages/starlette/middleware/cors.py", line 85, in __call__
    await self.app(scope, receive, send)
  File "/Users/chris/Code/waifu-rt3d/waifu-rt3d_v5.30/.venv/lib/python3.14/site-packages/starlette/middleware/exceptions.py", line 63, in __call__
    await wrap_app_handling_exceptions(self.app, conn)(scope, receive, send)
  File "/Users/chris/Code/waifu-rt3d/waifu-rt3d_v5.30/.venv/lib/python3.14/site-packages/starlette/_exception_handler.py", line 53, in wrapped_app
    raise exc
  File "/Users/chris/Code/waifu-rt3d/waifu-rt3d_v5.30/.venv/lib/python3.14/site-packages/starlette/_exception_handler.py", line 42, in wrapped_app
    await app(scope, receive, sender)
  File "/Users/chris/Code/waifu-rt3d/waifu-rt3d_v5.30/.venv/lib/python3.14/site-packages/fastapi/middleware/asyncexitstack.py", line 18, in __call__
    await self.app(scope, receive, send)
  File "/Users/chris/Code/waifu-rt3d/waifu-rt3d_v5.30/.venv/lib/python3.14/site-packages/starlette/routing.py", line 716, in __call__
    await self.middleware_stack(scope, receive, send)
  File "/Users/chris/Code/waifu-rt3d/waifu-rt3d_v5.30/.venv/lib/python3.14/site-packages/starlette/routing.py", line 736, in app
    await route.handle(scope, receive, send)
  File "/Users/chris/Code/waifu-rt3d/waifu-rt3d_v5.30/.venv/lib/python3.14/site-packages/starlette/routing.py", line 290, in handle
    await self.app(scope, receive, send)
  File "/Users/chris/Code/waifu-rt3d/waifu-rt3d_v5.30/.venv/lib/python3.14/site-packages/fastapi/routing.py", line 115, in app
    await wrap_app_handling_exceptions(app, request)(scope, receive, send)
  File "/Users/chris/Code/waifu-rt3d/waifu-rt3d_v5.30/.venv/lib/python3.14/site-packages/starlette/_exception_handler.py", line 53, in wrapped_app
    raise exc
  File "/Users/chris/Code/waifu-rt3d/waifu-rt3d_v5.30/.venv/lib/python3.14/site-packages/starlette/_exception_handler.py", line 42, in wrapped_app
    await app(scope, receive, sender)
  File "/Users/chris/Code/waifu-rt3d/waifu-rt3d_v5.30/.venv/lib/python3.14/site-packages/fastapi/routing.py", line 101, in app
    response = await f(request)
               ^^^^^^^^^^^^^^^^
  File "/Users/chris/Code/waifu-rt3d/waifu-rt3d_v5.30/.venv/lib/python3.14/site-packages/fastapi/routing.py", line 355, in app
    raw_response = await run_endpoint_function(
                   ^^^^^^^^^^^^^^^^^^^^^^^^^^^^
    ...<3 lines>...
    )
    ^
  File "/Users/chris/Code/waifu-rt3d/waifu-rt3d_v5.30/.venv/lib/python3.14/site-packages/fastapi/routing.py", line 243, in run_endpoint_function
    return await dependant.call(**values)
           ^^^^^^^^^^^^^^^^^^^^^^^^^^^^^^
  File "/Users/chris/Code/waifu-rt3d/waifu-rt3d_v5.30/backend/server.py", line 377, in create_session
    cur.execute("INSERT INTO sessions (title) VALUES (?)", (title,))
    ~~~~~~~~~~~^^^^^^^^^^^^^^^^^^^^^^^^^^^^^^^^^^^^^^^^^^^^^^^^^^^^^
sqlite3.OperationalError: no such table: sessions
2026-01-20 09:47:04,426 [ERROR] Global Error: no such table: sessions
Traceback (most recent call last):
  File "/Users/chris/Code/waifu-rt3d/waifu-rt3d_v5.30/.venv/lib/python3.14/site-packages/starlette/middleware/errors.py", line 164, in __call__
    await self.app(scope, receive, _send)
  File "/Users/chris/Code/waifu-rt3d/waifu-rt3d_v5.30/.venv/lib/python3.14/site-packages/starlette/middleware/cors.py", line 85, in __call__
    await self.app(scope, receive, send)
  File "/Users/chris/Code/waifu-rt3d/waifu-rt3d_v5.30/.venv/lib/python3.14/site-packages/starlette/middleware/exceptions.py", line 63, in __call__
    await wrap_app_handling_exceptions(self.app, conn)(scope, receive, send)
  File "/Users/chris/Code/waifu-rt3d/waifu-rt3d_v5.30/.venv/lib/python3.14/site-packages/starlette/_exception_handler.py", line 53, in wrapped_app
    raise exc
  File "/Users/chris/Code/waifu-rt3d/waifu-rt3d_v5.30/.venv/lib/python3.14/site-packages/starlette/_exception_handler.py", line 42, in wrapped_app
    await app(scope, receive, sender)
  File "/Users/chris/Code/waifu-rt3d/waifu-rt3d_v5.30/.venv/lib/python3.14/site-packages/fastapi/middleware/asyncexitstack.py", line 18, in __call__
    await self.app(scope, receive, send)
  File "/Users/chris/Code/waifu-rt3d/waifu-rt3d_v5.30/.venv/lib/python3.14/site-packages/starlette/routing.py", line 716, in __call__
    await self.middleware_stack(scope, receive, send)
  File "/Users/chris/Code/waifu-rt3d/waifu-rt3d_v5.30/.venv/lib/python3.14/site-packages/starlette/routing.py", line 736, in app
    await route.handle(scope, receive, send)
  File "/Users/chris/Code/waifu-rt3d/waifu-rt3d_v5.30/.venv/lib/python3.14/site-packages/starlette/routing.py", line 290, in handle
    await self.app(scope, receive, send)
  File "/Users/chris/Code/waifu-rt3d/waifu-rt3d_v5.30/.venv/lib/python3.14/site-packages/fastapi/routing.py", line 115, in app
    await wrap_app_handling_exceptions(app, request)(scope, receive, send)
  File "/Users/chris/Code/waifu-rt3d/waifu-rt3d_v5.30/.venv/lib/python3.14/site-packages/starlette/_exception_handler.py", line 53, in wrapped_app
    raise exc
  File "/Users/chris/Code/waifu-rt3d/waifu-rt3d_v5.30/.venv/lib/python3.14/site-packages/starlette/_exception_handler.py", line 42, in wrapped_app
    await app(scope, receive, sender)
  File "/Users/chris/Code/waifu-rt3d/waifu-rt3d_v5.30/.venv/lib/python3.14/site-packages/fastapi/routing.py", line 101, in app
    response = await f(request)
               ^^^^^^^^^^^^^^^^
  File "/Users/chris/Code/waifu-rt3d/waifu-rt3d_v5.30/.venv/lib/python3.14/site-packages/fastapi/routing.py", line 355, in app
    raw_response = await run_endpoint_function(
                   ^^^^^^^^^^^^^^^^^^^^^^^^^^^^
    ...<3 lines>...
    )
    ^
  File "/Users/chris/Code/waifu-rt3d/waifu-rt3d_v5.30/.venv/lib/python3.14/site-packages/fastapi/routing.py", line 243, in run_endpoint_function
    return await dependant.call(**values)
           ^^^^^^^^^^^^^^^^^^^^^^^^^^^^^^
  File "/Users/chris/Code/waifu-rt3d/waifu-rt3d_v5.30/backend/server.py", line 377, in create_session
    cur.execute("INSERT INTO sessions (title) VALUES (?)", (title,))
    ~~~~~~~~~~~^^^^^^^^^^^^^^^^^^^^^^^^^^^^^^^^^^^^^^^^^^^^^^^^^^^^^
sqlite3.OperationalError: no such table: sessions
2026-01-20 09:47:04,610 [ERROR] Global Error: no such table: sessions
Traceback (most recent call last):
  File "/Users/chris/Code/waifu-rt3d/waifu-rt3d_v5.30/.venv/lib/python3.14/site-packages/starlette/middleware/errors.py", line 164, in __call__
    await self.app(scope, receive, _send)
  File "/Users/chris/Code/waifu-rt3d/waifu-rt3d_v5.30/.venv/lib/python3.14/site-packages/starlette/middleware/cors.py", line 85, in __call__
    await self.app(scope, receive, send)
  File "/Users/chris/Code/waifu-rt3d/waifu-rt3d_v5.30/.venv/lib/python3.14/site-packages/starlette/middleware/exceptions.py", line 63, in __call__
    await wrap_app_handling_exceptions(self.app, conn)(scope, receive, send)
  File "/Users/chris/Code/waifu-rt3d/waifu-rt3d_v5.30/.venv/lib/python3.14/site-packages/starlette/_exception_handler.py", line 53, in wrapped_app
    raise exc
  File "/Users/chris/Code/waifu-rt3d/waifu-rt3d_v5.30/.venv/lib/python3.14/site-packages/starlette/_exception_handler.py", line 42, in wrapped_app
    await app(scope, receive, sender)
  File "/Users/chris/Code/waifu-rt3d/waifu-rt3d_v5.30/.venv/lib/python3.14/site-packages/fastapi/middleware/asyncexitstack.py", line 18, in __call__
    await self.app(scope, receive, send)
  File "/Users/chris/Code/waifu-rt3d/waifu-rt3d_v5.30/.venv/lib/python3.14/site-packages/starlette/routing.py", line 716, in __call__
    await self.middleware_stack(scope, receive, send)
  File "/Users/chris/Code/waifu-rt3d/waifu-rt3d_v5.30/.venv/lib/python3.14/site-packages/starlette/routing.py", line 736, in app
    await route.handle(scope, receive, send)
  File "/Users/chris/Code/waifu-rt3d/waifu-rt3d_v5.30/.venv/lib/python3.14/site-packages/starlette/routing.py", line 290, in handle
    await self.app(scope, receive, send)
  File "/Users/chris/Code/waifu-rt3d/waifu-rt3d_v5.30/.venv/lib/python3.14/site-packages/fastapi/routing.py", line 115, in app
    await wrap_app_handling_exceptions(app, request)(scope, receive, send)
  File "/Users/chris/Code/waifu-rt3d/waifu-rt3d_v5.30/.venv/lib/python3.14/site-packages/starlette/_exception_handler.py", line 53, in wrapped_app
    raise exc
  File "/Users/chris/Code/waifu-rt3d/waifu-rt3d_v5.30/.venv/lib/python3.14/site-packages/starlette/_exception_handler.py", line 42, in wrapped_app
    await app(scope, receive, sender)
  File "/Users/chris/Code/waifu-rt3d/waifu-rt3d_v5.30/.venv/lib/python3.14/site-packages/fastapi/routing.py", line 101, in app
    response = await f(request)
               ^^^^^^^^^^^^^^^^
  File "/Users/chris/Code/waifu-rt3d/waifu-rt3d_v5.30/.venv/lib/python3.14/site-packages/fastapi/routing.py", line 355, in app
    raw_response = await run_endpoint_function(
                   ^^^^^^^^^^^^^^^^^^^^^^^^^^^^
    ...<3 lines>...
    )
    ^
  File "/Users/chris/Code/waifu-rt3d/waifu-rt3d_v5.30/.venv/lib/python3.14/site-packages/fastapi/routing.py", line 243, in run_endpoint_function
    return await dependant.call(**values)
           ^^^^^^^^^^^^^^^^^^^^^^^^^^^^^^
  File "/Users/chris/Code/waifu-rt3d/waifu-rt3d_v5.30/backend/server.py", line 377, in create_session
    cur.execute("INSERT INTO sessions (title) VALUES (?)", (title,))
    ~~~~~~~~~~~^^^^^^^^^^^^^^^^^^^^^^^^^^^^^^^^^^^^^^^^^^^^^^^^^^^^^
sqlite3.OperationalError: no such table: sessions
2026-01-20 09:47:06,312 [ERROR] Global Error: no such table: sessions
Traceback (most recent call last):
  File "/Users/chris/Code/waifu-rt3d/waifu-rt3d_v5.30/.venv/lib/python3.14/site-packages/starlette/middleware/errors.py", line 164, in __call__
    await self.app(scope, receive, _send)
  File "/Users/chris/Code/waifu-rt3d/waifu-rt3d_v5.30/.venv/lib/python3.14/site-packages/starlette/middleware/cors.py", line 85, in __call__
    await self.app(scope, receive, send)
  File "/Users/chris/Code/waifu-rt3d/waifu-rt3d_v5.30/.venv/lib/python3.14/site-packages/starlette/middleware/exceptions.py", line 63, in __call__
    await wrap_app_handling_exceptions(self.app, conn)(scope, receive, send)
  File "/Users/chris/Code/waifu-rt3d/waifu-rt3d_v5.30/.venv/lib/python3.14/site-packages/starlette/_exception_handler.py", line 53, in wrapped_app
    raise exc
  File "/Users/chris/Code/waifu-rt3d/waifu-rt3d_v5.30/.venv/lib/python3.14/site-packages/starlette/_exception_handler.py", line 42, in wrapped_app
    await app(scope, receive, sender)
  File "/Users/chris/Code/waifu-rt3d/waifu-rt3d_v5.30/.venv/lib/python3.14/site-packages/fastapi/middleware/asyncexitstack.py", line 18, in __call__
    await self.app(scope, receive, send)
  File "/Users/chris/Code/waifu-rt3d/waifu-rt3d_v5.30/.venv/lib/python3.14/site-packages/starlette/routing.py", line 716, in __call__
    await self.middleware_stack(scope, receive, send)
  File "/Users/chris/Code/waifu-rt3d/waifu-rt3d_v5.30/.venv/lib/python3.14/site-packages/starlette/routing.py", line 736, in app
    await route.handle(scope, receive, send)
  File "/Users/chris/Code/waifu-rt3d/waifu-rt3d_v5.30/.venv/lib/python3.14/site-packages/starlette/routing.py", line 290, in handle
    await self.app(scope, receive, send)
  File "/Users/chris/Code/waifu-rt3d/waifu-rt3d_v5.30/.venv/lib/python3.14/site-packages/fastapi/routing.py", line 115, in app
    await wrap_app_handling_exceptions(app, request)(scope, receive, send)
  File "/Users/chris/Code/waifu-rt3d/waifu-rt3d_v5.30/.venv/lib/python3.14/site-packages/starlette/_exception_handler.py", line 53, in wrapped_app
    raise exc
  File "/Users/chris/Code/waifu-rt3d/waifu-rt3d_v5.30/.venv/lib/python3.14/site-packages/starlette/_exception_handler.py", line 42, in wrapped_app
    await app(scope, receive, sender)
  File "/Users/chris/Code/waifu-rt3d/waifu-rt3d_v5.30/.venv/lib/python3.14/site-packages/fastapi/routing.py", line 101, in app
    response = await f(request)
               ^^^^^^^^^^^^^^^^
  File "/Users/chris/Code/waifu-rt3d/waifu-rt3d_v5.30/.venv/lib/python3.14/site-packages/fastapi/routing.py", line 355, in app
    raw_response = await run_endpoint_function(
                   ^^^^^^^^^^^^^^^^^^^^^^^^^^^^
    ...<3 lines>...
    )
    ^
  File "/Users/chris/Code/waifu-rt3d/waifu-rt3d_v5.30/.venv/lib/python3.14/site-packages/fastapi/routing.py", line 243, in run_endpoint_function
    return await dependant.call(**values)
           ^^^^^^^^^^^^^^^^^^^^^^^^^^^^^^
  File "/Users/chris/Code/waifu-rt3d/waifu-rt3d_v5.30/backend/server.py", line 241, in chat
    cur.execute("INSERT OR IGNORE INTO sessions(id,title) VALUES (?,?)", (session_id, f"Session {session_id}"))
    ~~~~~~~~~~~^^^^^^^^^^^^^^^^^^^^^^^^^^^^^^^^^^^^^^^^^^^^^^^^^^^^^^^^^^^^^^^^^^^^^^^^^^^^^^^^^^^^^^^^^^^^^^^^
sqlite3.OperationalError: no such table: sessions
2026-01-20 09:47:24,199 [INFO] --- WAIFU_LINK BOOT SEQUENCE v5.31.0 ---
2026-01-20 09:47:24,243 [ERROR] Global Error: no such table: sessions
Traceback (most recent call last):
  File "/Users/chris/Code/waifu-rt3d/waifu-rt3d_v5.30/backend/server.py", line 353, in list_sessions
    cur.execute("SELECT id, title, created_ts, (SELECT COUNT(id) FROM messages WHERE session_id=s.id) FROM sessions s WHERE (archived=0 OR archived IS NULL) ORDER BY created_ts DESC")
    ~~~~~~~~~~~^^^^^^^^^^^^^^^^^^^^^^^^^^^^^^^^^^^^^^^^^^^^^^^^^^^^^^^^^^^^^^^^^^^^^^^^^^^^^^^^^^^^^^^^^^^^^^^^^^^^^^^^^^^^^^^^^^^^^^^^^^^^^^^^^^^^^^^^^^^^^^^^^^^^^^^^^^^^^^^^^^^^^^^^
sqlite3.OperationalError: no such table: sessions

During handling of the above exception, another exception occurred:

Traceback (most recent call last):
  File "/Users/chris/Code/waifu-rt3d/waifu-rt3d_v5.30/.venv/lib/python3.14/site-packages/starlette/middleware/errors.py", line 164, in __call__
    await self.app(scope, receive, _send)
  File "/Users/chris/Code/waifu-rt3d/waifu-rt3d_v5.30/.venv/lib/python3.14/site-packages/starlette/middleware/cors.py", line 85, in __call__
    await self.app(scope, receive, send)
  File "/Users/chris/Code/waifu-rt3d/waifu-rt3d_v5.30/.venv/lib/python3.14/site-packages/starlette/middleware/exceptions.py", line 63, in __call__
    await wrap_app_handling_exceptions(self.app, conn)(scope, receive, send)
  File "/Users/chris/Code/waifu-rt3d/waifu-rt3d_v5.30/.venv/lib/python3.14/site-packages/starlette/_exception_handler.py", line 53, in wrapped_app
    raise exc
  File "/Users/chris/Code/waifu-rt3d/waifu-rt3d_v5.30/.venv/lib/python3.14/site-packages/starlette/_exception_handler.py", line 42, in wrapped_app
    await app(scope, receive, sender)
  File "/Users/chris/Code/waifu-rt3d/waifu-rt3d_v5.30/.venv/lib/python3.14/site-packages/fastapi/middleware/asyncexitstack.py", line 18, in __call__
    await self.app(scope, receive, send)
  File "/Users/chris/Code/waifu-rt3d/waifu-rt3d_v5.30/.venv/lib/python3.14/site-packages/starlette/routing.py", line 716, in __call__
    await self.middleware_stack(scope, receive, send)
  File "/Users/chris/Code/waifu-rt3d/waifu-rt3d_v5.30/.venv/lib/python3.14/site-packages/starlette/routing.py", line 736, in app
    await route.handle(scope, receive, send)
  File "/Users/chris/Code/waifu-rt3d/waifu-rt3d_v5.30/.venv/lib/python3.14/site-packages/starlette/routing.py", line 290, in handle
    await self.app(scope, receive, send)
  File "/Users/chris/Code/waifu-rt3d/waifu-rt3d_v5.30/.venv/lib/python3.14/site-packages/fastapi/routing.py", line 115, in app
    await wrap_app_handling_exceptions(app, request)(scope, receive, send)
  File "/Users/chris/Code/waifu-rt3d/waifu-rt3d_v5.30/.venv/lib/python3.14/site-packages/starlette/_exception_handler.py", line 53, in wrapped_app
    raise exc
  File "/Users/chris/Code/waifu-rt3d/waifu-rt3d_v5.30/.venv/lib/python3.14/site-packages/starlette/_exception_handler.py", line 42, in wrapped_app
    await app(scope, receive, sender)
  File "/Users/chris/Code/waifu-rt3d/waifu-rt3d_v5.30/.venv/lib/python3.14/site-packages/fastapi/routing.py", line 101, in app
    response = await f(request)
               ^^^^^^^^^^^^^^^^
  File "/Users/chris/Code/waifu-rt3d/waifu-rt3d_v5.30/.venv/lib/python3.14/site-packages/fastapi/routing.py", line 355, in app
    raw_response = await run_endpoint_function(
                   ^^^^^^^^^^^^^^^^^^^^^^^^^^^^
    ...<3 lines>...
    )
    ^
  File "/Users/chris/Code/waifu-rt3d/waifu-rt3d_v5.30/.venv/lib/python3.14/site-packages/fastapi/routing.py", line 245, in run_endpoint_function
    return await run_in_threadpool(dependant.call, **values)
           ^^^^^^^^^^^^^^^^^^^^^^^^^^^^^^^^^^^^^^^^^^^^^^^^^
  File "/Users/chris/Code/waifu-rt3d/waifu-rt3d_v5.30/.venv/lib/python3.14/site-packages/starlette/concurrency.py", line 32, in run_in_threadpool
    return await anyio.to_thread.run_sync(func)
           ^^^^^^^^^^^^^^^^^^^^^^^^^^^^^^^^^^^^
  File "/Users/chris/Code/waifu-rt3d/waifu-rt3d_v5.30/.venv/lib/python3.14/site-packages/anyio/to_thread.py", line 33, in run_sync
    return await get_asynclib().run_sync_in_worker_thread(
           ^^^^^^^^^^^^^^^^^^^^^^^^^^^^^^^^^^^^^^^^^^^^^^^
        func, *args, cancellable=cancellable, limiter=limiter
        ^^^^^^^^^^^^^^^^^^^^^^^^^^^^^^^^^^^^^^^^^^^^^^^^^^^^^
    )
    ^
  File "/Users/chris/Code/waifu-rt3d/waifu-rt3d_v5.30/.venv/lib/python3.14/site-packages/anyio/_backends/_asyncio.py", line 877, in run_sync_in_worker_thread
    return await future
           ^^^^^^^^^^^^
  File "/Users/chris/Code/waifu-rt3d/waifu-rt3d_v5.30/.venv/lib/python3.14/site-packages/anyio/_backends/_asyncio.py", line 807, in run
    result = context.run(func, *args)
  File "/Users/chris/Code/waifu-rt3d/waifu-rt3d_v5.30/backend/server.py", line 356, in list_sessions
    cur.execute("SELECT id, title, created_ts, (SELECT COUNT(id) FROM messages WHERE session_id=s.id) FROM sessions s ORDER BY created_ts DESC")
    ~~~~~~~~~~~^^^^^^^^^^^^^^^^^^^^^^^^^^^^^^^^^^^^^^^^^^^^^^^^^^^^^^^^^^^^^^^^^^^^^^^^^^^^^^^^^^^^^^^^^^^^^^^^^^^^^^^^^^^^^^^^^^^^^^^^^^^^^^^^^
sqlite3.OperationalError: no such table: sessions
2026-01-20 09:47:24,475 [ERROR] Global Error: no such table: sessions
Traceback (most recent call last):
  File "/Users/chris/Code/waifu-rt3d/waifu-rt3d_v5.30/.venv/lib/python3.14/site-packages/starlette/middleware/errors.py", line 164, in __call__
    await self.app(scope, receive, _send)
  File "/Users/chris/Code/waifu-rt3d/waifu-rt3d_v5.30/.venv/lib/python3.14/site-packages/starlette/middleware/cors.py", line 85, in __call__
    await self.app(scope, receive, send)
  File "/Users/chris/Code/waifu-rt3d/waifu-rt3d_v5.30/.venv/lib/python3.14/site-packages/starlette/middleware/exceptions.py", line 63, in __call__
    await wrap_app_handling_exceptions(self.app, conn)(scope, receive, send)
  File "/Users/chris/Code/waifu-rt3d/waifu-rt3d_v5.30/.venv/lib/python3.14/site-packages/starlette/_exception_handler.py", line 53, in wrapped_app
    raise exc
  File "/Users/chris/Code/waifu-rt3d/waifu-rt3d_v5.30/.venv/lib/python3.14/site-packages/starlette/_exception_handler.py", line 42, in wrapped_app
    await app(scope, receive, sender)
  File "/Users/chris/Code/waifu-rt3d/waifu-rt3d_v5.30/.venv/lib/python3.14/site-packages/fastapi/middleware/asyncexitstack.py", line 18, in __call__
    await self.app(scope, receive, send)
  File "/Users/chris/Code/waifu-rt3d/waifu-rt3d_v5.30/.venv/lib/python3.14/site-packages/starlette/routing.py", line 716, in __call__
    await self.middleware_stack(scope, receive, send)
  File "/Users/chris/Code/waifu-rt3d/waifu-rt3d_v5.30/.venv/lib/python3.14/site-packages/starlette/routing.py", line 736, in app
    await route.handle(scope, receive, send)
  File "/Users/chris/Code/waifu-rt3d/waifu-rt3d_v5.30/.venv/lib/python3.14/site-packages/starlette/routing.py", line 290, in handle
    await self.app(scope, receive, send)
  File "/Users/chris/Code/waifu-rt3d/waifu-rt3d_v5.30/.venv/lib/python3.14/site-packages/fastapi/routing.py", line 115, in app
    await wrap_app_handling_exceptions(app, request)(scope, receive, send)
  File "/Users/chris/Code/waifu-rt3d/waifu-rt3d_v5.30/.venv/lib/python3.14/site-packages/starlette/_exception_handler.py", line 53, in wrapped_app
    raise exc
  File "/Users/chris/Code/waifu-rt3d/waifu-rt3d_v5.30/.venv/lib/python3.14/site-packages/starlette/_exception_handler.py", line 42, in wrapped_app
    await app(scope, receive, sender)
  File "/Users/chris/Code/waifu-rt3d/waifu-rt3d_v5.30/.venv/lib/python3.14/site-packages/fastapi/routing.py", line 101, in app
    response = await f(request)
               ^^^^^^^^^^^^^^^^
  File "/Users/chris/Code/waifu-rt3d/waifu-rt3d_v5.30/.venv/lib/python3.14/site-packages/fastapi/routing.py", line 355, in app
    raw_response = await run_endpoint_function(
                   ^^^^^^^^^^^^^^^^^^^^^^^^^^^^
    ...<3 lines>...
    )
    ^
  File "/Users/chris/Code/waifu-rt3d/waifu-rt3d_v5.30/.venv/lib/python3.14/site-packages/fastapi/routing.py", line 243, in run_endpoint_function
    return await dependant.call(**values)
           ^^^^^^^^^^^^^^^^^^^^^^^^^^^^^^
  File "/Users/chris/Code/waifu-rt3d/waifu-rt3d_v5.30/backend/server.py", line 377, in create_session
    cur.execute("INSERT INTO sessions (title) VALUES (?)", (title,))
    ~~~~~~~~~~~^^^^^^^^^^^^^^^^^^^^^^^^^^^^^^^^^^^^^^^^^^^^^^^^^^^^^
sqlite3.OperationalError: no such table: sessions
2026-01-20 09:47:24,655 [ERROR] Global Error: no such table: sessions
Traceback (most recent call last):
  File "/Users/chris/Code/waifu-rt3d/waifu-rt3d_v5.30/.venv/lib/python3.14/site-packages/starlette/middleware/errors.py", line 164, in __call__
    await self.app(scope, receive, _send)
  File "/Users/chris/Code/waifu-rt3d/waifu-rt3d_v5.30/.venv/lib/python3.14/site-packages/starlette/middleware/cors.py", line 85, in __call__
    await self.app(scope, receive, send)
  File "/Users/chris/Code/waifu-rt3d/waifu-rt3d_v5.30/.venv/lib/python3.14/site-packages/starlette/middleware/exceptions.py", line 63, in __call__
    await wrap_app_handling_exceptions(self.app, conn)(scope, receive, send)
  File "/Users/chris/Code/waifu-rt3d/waifu-rt3d_v5.30/.venv/lib/python3.14/site-packages/starlette/_exception_handler.py", line 53, in wrapped_app
    raise exc
  File "/Users/chris/Code/waifu-rt3d/waifu-rt3d_v5.30/.venv/lib/python3.14/site-packages/starlette/_exception_handler.py", line 42, in wrapped_app
    await app(scope, receive, sender)
  File "/Users/chris/Code/waifu-rt3d/waifu-rt3d_v5.30/.venv/lib/python3.14/site-packages/fastapi/middleware/asyncexitstack.py", line 18, in __call__
    await self.app(scope, receive, send)
  File "/Users/chris/Code/waifu-rt3d/waifu-rt3d_v5.30/.venv/lib/python3.14/site-packages/starlette/routing.py", line 716, in __call__
    await self.middleware_stack(scope, receive, send)
  File "/Users/chris/Code/waifu-rt3d/waifu-rt3d_v5.30/.venv/lib/python3.14/site-packages/starlette/routing.py", line 736, in app
    await route.handle(scope, receive, send)
  File "/Users/chris/Code/waifu-rt3d/waifu-rt3d_v5.30/.venv/lib/python3.14/site-packages/starlette/routing.py", line 290, in handle
    await self.app(scope, receive, send)
  File "/Users/chris/Code/waifu-rt3d/waifu-rt3d_v5.30/.venv/lib/python3.14/site-packages/fastapi/routing.py", line 115, in app
    await wrap_app_handling_exceptions(app, request)(scope, receive, send)
  File "/Users/chris/Code/waifu-rt3d/waifu-rt3d_v5.30/.venv/lib/python3.14/site-packages/starlette/_exception_handler.py", line 53, in wrapped_app
    raise exc
  File "/Users/chris/Code/waifu-rt3d/waifu-rt3d_v5.30/.venv/lib/python3.14/site-packages/starlette/_exception_handler.py", line 42, in wrapped_app
    await app(scope, receive, sender)
  File "/Users/chris/Code/waifu-rt3d/waifu-rt3d_v5.30/.venv/lib/python3.14/site-packages/fastapi/routing.py", line 101, in app
    response = await f(request)
               ^^^^^^^^^^^^^^^^
  File "/Users/chris/Code/waifu-rt3d/waifu-rt3d_v5.30/.venv/lib/python3.14/site-packages/fastapi/routing.py", line 355, in app
    raw_response = await run_endpoint_function(
                   ^^^^^^^^^^^^^^^^^^^^^^^^^^^^
    ...<3 lines>...
    )
    ^
  File "/Users/chris/Code/waifu-rt3d/waifu-rt3d_v5.30/.venv/lib/python3.14/site-packages/fastapi/routing.py", line 243, in run_endpoint_function
    return await dependant.call(**values)
           ^^^^^^^^^^^^^^^^^^^^^^^^^^^^^^
  File "/Users/chris/Code/waifu-rt3d/waifu-rt3d_v5.30/backend/server.py", line 377, in create_session
    cur.execute("INSERT INTO sessions (title) VALUES (?)", (title,))
    ~~~~~~~~~~~^^^^^^^^^^^^^^^^^^^^^^^^^^^^^^^^^^^^^^^^^^^^^^^^^^^^^
sqlite3.OperationalError: no such table: sessions
2026-01-20 09:47:24,841 [ERROR] Global Error: no such table: sessions
Traceback (most recent call last):
  File "/Users/chris/Code/waifu-rt3d/waifu-rt3d_v5.30/.venv/lib/python3.14/site-packages/starlette/middleware/errors.py", line 164, in __call__
    await self.app(scope, receive, _send)
  File "/Users/chris/Code/waifu-rt3d/waifu-rt3d_v5.30/.venv/lib/python3.14/site-packages/starlette/middleware/cors.py", line 85, in __call__
    await self.app(scope, receive, send)
  File "/Users/chris/Code/waifu-rt3d/waifu-rt3d_v5.30/.venv/lib/python3.14/site-packages/starlette/middleware/exceptions.py", line 63, in __call__
    await wrap_app_handling_exceptions(self.app, conn)(scope, receive, send)
  File "/Users/chris/Code/waifu-rt3d/waifu-rt3d_v5.30/.venv/lib/python3.14/site-packages/starlette/_exception_handler.py", line 53, in wrapped_app
    raise exc
  File "/Users/chris/Code/waifu-rt3d/waifu-rt3d_v5.30/.venv/lib/python3.14/site-packages/starlette/_exception_handler.py", line 42, in wrapped_app
    await app(scope, receive, sender)
  File "/Users/chris/Code/waifu-rt3d/waifu-rt3d_v5.30/.venv/lib/python3.14/site-packages/fastapi/middleware/asyncexitstack.py", line 18, in __call__
    await self.app(scope, receive, send)
  File "/Users/chris/Code/waifu-rt3d/waifu-rt3d_v5.30/.venv/lib/python3.14/site-packages/starlette/routing.py", line 716, in __call__
    await self.middleware_stack(scope, receive, send)
  File "/Users/chris/Code/waifu-rt3d/waifu-rt3d_v5.30/.venv/lib/python3.14/site-packages/starlette/routing.py", line 736, in app
    await route.handle(scope, receive, send)
  File "/Users/chris/Code/waifu-rt3d/waifu-rt3d_v5.30/.venv/lib/python3.14/site-packages/starlette/routing.py", line 290, in handle
    await self.app(scope, receive, send)
  File "/Users/chris/Code/waifu-rt3d/waifu-rt3d_v5.30/.venv/lib/python3.14/site-packages/fastapi/routing.py", line 115, in app
    await wrap_app_handling_exceptions(app, request)(scope, receive, send)
  File "/Users/chris/Code/waifu-rt3d/waifu-rt3d_v5.30/.venv/lib/python3.14/site-packages/starlette/_exception_handler.py", line 53, in wrapped_app
    raise exc
  File "/Users/chris/Code/waifu-rt3d/waifu-rt3d_v5.30/.venv/lib/python3.14/site-packages/starlette/_exception_handler.py", line 42, in wrapped_app
    await app(scope, receive, sender)
  File "/Users/chris/Code/waifu-rt3d/waifu-rt3d_v5.30/.venv/lib/python3.14/site-packages/fastapi/routing.py", line 101, in app
    response = await f(request)
               ^^^^^^^^^^^^^^^^
  File "/Users/chris/Code/waifu-rt3d/waifu-rt3d_v5.30/.venv/lib/python3.14/site-packages/fastapi/routing.py", line 355, in app
    raw_response = await run_endpoint_function(
                   ^^^^^^^^^^^^^^^^^^^^^^^^^^^^
    ...<3 lines>...
    )
    ^
  File "/Users/chris/Code/waifu-rt3d/waifu-rt3d_v5.30/.venv/lib/python3.14/site-packages/fastapi/routing.py", line 243, in run_endpoint_function
    return await dependant.call(**values)
           ^^^^^^^^^^^^^^^^^^^^^^^^^^^^^^
  File "/Users/chris/Code/waifu-rt3d/waifu-rt3d_v5.30/backend/server.py", line 377, in create_session
    cur.execute("INSERT INTO sessions (title) VALUES (?)", (title,))
    ~~~~~~~~~~~^^^^^^^^^^^^^^^^^^^^^^^^^^^^^^^^^^^^^^^^^^^^^^^^^^^^^
sqlite3.OperationalError: no such table: sessions
2026-01-20 09:47:25,009 [ERROR] Global Error: no such table: sessions
Traceback (most recent call last):
  File "/Users/chris/Code/waifu-rt3d/waifu-rt3d_v5.30/.venv/lib/python3.14/site-packages/starlette/middleware/errors.py", line 164, in __call__
    await self.app(scope, receive, _send)
  File "/Users/chris/Code/waifu-rt3d/waifu-rt3d_v5.30/.venv/lib/python3.14/site-packages/starlette/middleware/cors.py", line 85, in __call__
    await self.app(scope, receive, send)
  File "/Users/chris/Code/waifu-rt3d/waifu-rt3d_v5.30/.venv/lib/python3.14/site-packages/starlette/middleware/exceptions.py", line 63, in __call__
    await wrap_app_handling_exceptions(self.app, conn)(scope, receive, send)
  File "/Users/chris/Code/waifu-rt3d/waifu-rt3d_v5.30/.venv/lib/python3.14/site-packages/starlette/_exception_handler.py", line 53, in wrapped_app
    raise exc
  File "/Users/chris/Code/waifu-rt3d/waifu-rt3d_v5.30/.venv/lib/python3.14/site-packages/starlette/_exception_handler.py", line 42, in wrapped_app
    await app(scope, receive, sender)
  File "/Users/chris/Code/waifu-rt3d/waifu-rt3d_v5.30/.venv/lib/python3.14/site-packages/fastapi/middleware/asyncexitstack.py", line 18, in __call__
    await self.app(scope, receive, send)
  File "/Users/chris/Code/waifu-rt3d/waifu-rt3d_v5.30/.venv/lib/python3.14/site-packages/starlette/routing.py", line 716, in __call__
    await self.middleware_stack(scope, receive, send)
  File "/Users/chris/Code/waifu-rt3d/waifu-rt3d_v5.30/.venv/lib/python3.14/site-packages/starlette/routing.py", line 736, in app
    await route.handle(scope, receive, send)
  File "/Users/chris/Code/waifu-rt3d/waifu-rt3d_v5.30/.venv/lib/python3.14/site-packages/starlette/routing.py", line 290, in handle
    await self.app(scope, receive, send)
  File "/Users/chris/Code/waifu-rt3d/waifu-rt3d_v5.30/.venv/lib/python3.14/site-packages/fastapi/routing.py", line 115, in app
    await wrap_app_handling_exceptions(app, request)(scope, receive, send)
  File "/Users/chris/Code/waifu-rt3d/waifu-rt3d_v5.30/.venv/lib/python3.14/site-packages/starlette/_exception_handler.py", line 53, in wrapped_app
    raise exc
  File "/Users/chris/Code/waifu-rt3d/waifu-rt3d_v5.30/.venv/lib/python3.14/site-packages/starlette/_exception_handler.py", line 42, in wrapped_app
    await app(scope, receive, sender)
  File "/Users/chris/Code/waifu-rt3d/waifu-rt3d_v5.30/.venv/lib/python3.14/site-packages/fastapi/routing.py", line 101, in app
    response = await f(request)
               ^^^^^^^^^^^^^^^^
  File "/Users/chris/Code/waifu-rt3d/waifu-rt3d_v5.30/.venv/lib/python3.14/site-packages/fastapi/routing.py", line 355, in app
    raw_response = await run_endpoint_function(
                   ^^^^^^^^^^^^^^^^^^^^^^^^^^^^
    ...<3 lines>...
    )
    ^
  File "/Users/chris/Code/waifu-rt3d/waifu-rt3d_v5.30/.venv/lib/python3.14/site-packages/fastapi/routing.py", line 243, in run_endpoint_function
    return await dependant.call(**values)
           ^^^^^^^^^^^^^^^^^^^^^^^^^^^^^^
  File "/Users/chris/Code/waifu-rt3d/waifu-rt3d_v5.30/backend/server.py", line 377, in create_session
    cur.execute("INSERT INTO sessions (title) VALUES (?)", (title,))
    ~~~~~~~~~~~^^^^^^^^^^^^^^^^^^^^^^^^^^^^^^^^^^^^^^^^^^^^^^^^^^^^^
sqlite3.OperationalError: no such table: sessions
2026-01-20 09:47:25,173 [ERROR] Global Error: no such table: sessions
Traceback (most recent call last):
  File "/Users/chris/Code/waifu-rt3d/waifu-rt3d_v5.30/.venv/lib/python3.14/site-packages/starlette/middleware/errors.py", line 164, in __call__
    await self.app(scope, receive, _send)
  File "/Users/chris/Code/waifu-rt3d/waifu-rt3d_v5.30/.venv/lib/python3.14/site-packages/starlette/middleware/cors.py", line 85, in __call__
    await self.app(scope, receive, send)
  File "/Users/chris/Code/waifu-rt3d/waifu-rt3d_v5.30/.venv/lib/python3.14/site-packages/starlette/middleware/exceptions.py", line 63, in __call__
    await wrap_app_handling_exceptions(self.app, conn)(scope, receive, send)
  File "/Users/chris/Code/waifu-rt3d/waifu-rt3d_v5.30/.venv/lib/python3.14/site-packages/starlette/_exception_handler.py", line 53, in wrapped_app
    raise exc
  File "/Users/chris/Code/waifu-rt3d/waifu-rt3d_v5.30/.venv/lib/python3.14/site-packages/starlette/_exception_handler.py", line 42, in wrapped_app
    await app(scope, receive, sender)
  File "/Users/chris/Code/waifu-rt3d/waifu-rt3d_v5.30/.venv/lib/python3.14/site-packages/fastapi/middleware/asyncexitstack.py", line 18, in __call__
    await self.app(scope, receive, send)
  File "/Users/chris/Code/waifu-rt3d/waifu-rt3d_v5.30/.venv/lib/python3.14/site-packages/starlette/routing.py", line 716, in __call__
    await self.middleware_stack(scope, receive, send)
  File "/Users/chris/Code/waifu-rt3d/waifu-rt3d_v5.30/.venv/lib/python3.14/site-packages/starlette/routing.py", line 736, in app
    await route.handle(scope, receive, send)
  File "/Users/chris/Code/waifu-rt3d/waifu-rt3d_v5.30/.venv/lib/python3.14/site-packages/starlette/routing.py", line 290, in handle
    await self.app(scope, receive, send)
  File "/Users/chris/Code/waifu-rt3d/waifu-rt3d_v5.30/.venv/lib/python3.14/site-packages/fastapi/routing.py", line 115, in app
    await wrap_app_handling_exceptions(app, request)(scope, receive, send)
  File "/Users/chris/Code/waifu-rt3d/waifu-rt3d_v5.30/.venv/lib/python3.14/site-packages/starlette/_exception_handler.py", line 53, in wrapped_app
    raise exc
  File "/Users/chris/Code/waifu-rt3d/waifu-rt3d_v5.30/.venv/lib/python3.14/site-packages/starlette/_exception_handler.py", line 42, in wrapped_app
    await app(scope, receive, sender)
  File "/Users/chris/Code/waifu-rt3d/waifu-rt3d_v5.30/.venv/lib/python3.14/site-packages/fastapi/routing.py", line 101, in app
    response = await f(request)
               ^^^^^^^^^^^^^^^^
  File "/Users/chris/Code/waifu-rt3d/waifu-rt3d_v5.30/.venv/lib/python3.14/site-packages/fastapi/routing.py", line 355, in app
    raw_response = await run_endpoint_function(
                   ^^^^^^^^^^^^^^^^^^^^^^^^^^^^
    ...<3 lines>...
    )
    ^
  File "/Users/chris/Code/waifu-rt3d/waifu-rt3d_v5.30/.venv/lib/python3.14/site-packages/fastapi/routing.py", line 243, in run_endpoint_function
    return await dependant.call(**values)
           ^^^^^^^^^^^^^^^^^^^^^^^^^^^^^^
  File "/Users/chris/Code/waifu-rt3d/waifu-rt3d_v5.30/backend/server.py", line 377, in create_session
    cur.execute("INSERT INTO sessions (title) VALUES (?)", (title,))
    ~~~~~~~~~~~^^^^^^^^^^^^^^^^^^^^^^^^^^^^^^^^^^^^^^^^^^^^^^^^^^^^^
sqlite3.OperationalError: no such table: sessions
2026-01-20 09:48:34,229 [INFO] --- WAIFU_LINK BOOT SEQUENCE v5.31.0 ---
2026-01-20 09:52:08,192 [INFO] --- WAIFU_LINK BOOT SEQUENCE v5.31.0 ---
2026-01-20 09:54:20,345 [INFO] --- WAIFU_LINK BOOT SEQUENCE v5.31.0 ---
2026-01-20 09:57:21,904 [INFO] --- WAIFU_LINK BOOT SEQUENCE v5.31.0 ---
2026-01-20 10:00:08,966 [INFO] --- WAIFU_LINK BOOT SEQUENCE v5.31.0 ---
2026-01-20 10:06:37,478 [INFO] --- WAIFU_LINK BOOT SEQUENCE v5.31.0 ---
2026-01-20 10:07:08,072 [INFO] --- WAIFU_LINK BOOT SEQUENCE v5.31.0 ---
2026-01-20 10:07:29,572 [INFO] --- WAIFU_LINK BOOT SEQUENCE v5.31.0 ---
2026-01-20 10:08:15,714 [INFO] --- WAIFU_LINK BOOT SEQUENCE v5.31.0 ---
2026-01-20 10:08:43,625 [INFO] --- WAIFU_LINK BOOT SEQUENCE v5.31.0 ---
2026-01-20 10:08:56,179 [INFO] --- WAIFU_LINK BOOT SEQUENCE v5.31.0 ---
2026-01-20 10:58:15,377 [ERROR] Error fetching character data: no such column: tts_pitch
2026-01-20 19:56:28,318 [INFO] --- WAIFU_LINK BOOT SEQUENCE v5.31.0 ---
2026-01-20 20:25:00,314 [INFO] --- WAIFU_LINK BOOT SEQUENCE v5.31.0 ---
2026-01-20 21:45:42,549 [INFO] --- WAIFU_LINK BOOT SEQUENCE v5.31.0 ---
2026-01-21 02:25:27,806 [INFO] --- WAIFU_LINK BOOT SEQUENCE v5.31.0 ---
2026-02-01 22:26:32,804 [INFO] --- WAIFU_LINK BOOT SEQUENCE v5.31.0 ---
2026-02-01 22:26:33,110 [INFO] Attempting to bind to port 8080...
2026-02-01 22:26:33,707 [ERROR] Preflight failed: attempted relative import with no known parent package
2026-02-01 22:26:33,708 [ERROR] Failed to load ModelManager (missing dependency?): attempted relative import with no known parent package
2026-02-01 22:26:33,708 [ERROR] Failed to init Vector Store: attempted relative import with no known parent package
2026-02-01 22:26:53,988 [INFO] --- WAIFU_LINK BOOT SEQUENCE v5.31.0 ---
2026-02-01 22:26:54,030 [INFO] Attempting to bind to port 8080...
2026-02-01 22:27:06,379 [ERROR] Failed to init Vector Store: numpy.core.multiarray failed to import
2026-02-01 23:14:55,602 [INFO] --- WAIFU_LINK BOOT SEQUENCE v5.30.0 ---
2026-02-01 23:14:55,635 [INFO] Attempting to bind to port 8080...
2026-02-01 23:14:55,664 [ERROR] Preflight failed: attempted relative import with no known parent package
2026-02-01 23:14:55,664 [ERROR] Failed to load ModelManager (missing dependency?): attempted relative import with no known parent package
2026-02-01 23:14:55,664 [ERROR] Failed to init Vector Store: attempted relative import with no known parent package
2026-02-01 23:15:21,557 [INFO] --- WAIFU_LINK BOOT SEQUENCE v5.30.0 ---
2026-02-01 23:15:21,587 [INFO] Attempting to bind to port 8080...
2026-02-01 23:15:21,613 [ERROR] Preflight failed: Migration file not found: /Users/chris/Code/waifu-rt3d/backend/db/schema_v4.sql
2026-02-01 23:15:21,614 [ERROR] Failed to load ModelManager (missing dependency?): No module named 'backend.models.manager'
2026-02-01 23:15:21,614 [ERROR] Failed to init Vector Store: No module named 'backend.memory.vector_store'
2026-02-01 23:15:40,545 [INFO] --- WAIFU_LINK BOOT SEQUENCE v5.30.0 ---
2026-02-01 23:15:40,576 [INFO] Attempting to bind to port 8080...
2026-02-01 23:15:40,599 [ERROR] Preflight failed: table characters has no column named avatar_url
2026-02-01 23:15:43,267 [ERROR] Failed to init Vector Store: numpy.core.multiarray failed to import
2026-02-01 23:16:03,325 [INFO] --- WAIFU_LINK BOOT SEQUENCE v5.30.0 ---
2026-02-01 23:16:03,357 [INFO] Attempting to bind to port 8080...
2026-02-01 23:16:03,380 [ERROR] Preflight failed: Migration file not found: /Users/chris/Code/waifu-rt3d/backend/db/schema_v5.sql
2026-02-01 23:16:05,560 [ERROR] Failed to init Vector Store: numpy.core.multiarray failed to import
2026-02-01 23:16:30,757 [INFO] --- WAIFU_LINK BOOT SEQUENCE v5.30.0 ---
2026-02-01 23:16:30,787 [INFO] Attempting to bind to port 8080...
2026-02-01 23:16:30,809 [ERROR] Preflight failed: table schema_version has no column named updated_at
2026-02-01 23:16:32,833 [ERROR] Failed to init Vector Store: numpy.core.multiarray failed to import
2026-02-01 23:23:10,413 [INFO] --- WAIFU_LINK BOOT SEQUENCE v5.30.0 ---
2026-02-01 23:23:10,477 [INFO] Attempting to bind to port 8080...
2026-02-01 23:23:10,536 [ERROR] Preflight failed: Migration failed: expected v5, got v4
2026-02-01 23:23:13,468 [ERROR] Failed to init Vector Store: numpy.core.multiarray failed to import
2026-02-02 00:50:22,754 [INFO] --- WAIFU_LINK BOOT SEQUENCE v5.31.0 ---
2026-02-02 00:50:22,803 [INFO] Attempting to bind to port 8080...
2026-02-02 00:50:22,842 [ERROR] Preflight failed: Migration failed: expected v5, got v4
2026-02-02 00:50:25,728 [ERROR] Failed to init Vector Store: numpy.core.multiarray failed to import
2026-02-03 20:09:34,861 [INFO] --- WAIFU_LINK BOOT SEQUENCE v5.31.0 ---
2026-02-03 20:09:34,896 [INFO] Attempting to bind to port 8080...
2026-02-03 20:09:37,566 [ERROR] Failed to init Vector Store: numpy.core.multiarray failed to import
2026-02-03 20:09:37,566 [INFO] Model Manager Initialized
2026-02-03 20:14:07,308 [INFO] Installing csukuangfj/sherpa-onnx-whisper-tiny.en to backend/storage/models/asr/csukuangfj_sherpa-onnx-whisper-tiny.en
2026-02-03 20:17:48,838 [INFO] --- WAIFU_LINK BOOT SEQUENCE v5.31.0 ---
2026-02-03 20:17:48,886 [INFO] Attempting to bind to port 8080...
2026-02-03 20:17:51,569 [ERROR] Failed to init Vector Store: numpy.core.multiarray failed to import
2026-02-03 20:17:51,570 [INFO] Model Manager Initialized
2026-02-03 20:22:13,970 [INFO] --- WAIFU_LINK BOOT SEQUENCE v5.31.0 ---
2026-02-03 20:22:14,006 [INFO] Attempting to bind to port 8080...
2026-02-03 20:23:14,679 [INFO] Model Manager Initialized
2026-02-03 20:37:20,391 [INFO] Installing TheBloke/TinyLlama-1.1B-Chat-v1.0-GGUF to backend/storage/models/llm/TheBloke_TinyLlama-1.1B-Chat-v1.0-GGUF
2026-02-03 21:50:37,988 [INFO] --- WAIFU_LINK BOOT SEQUENCE v5.31.0 ---
2026-02-03 21:50:38,524 [INFO] Attempting to bind to port 8080...
2026-02-03 21:51:23,637 [ERROR] Failed to init Vector Store: no such column: collections.topic
2026-02-03 21:51:23,639 [INFO] Model Manager Initialized
2026-02-03 22:04:23,886 [INFO] --- WAIFU_LINK BOOT SEQUENCE v5.31.0 ---
2026-02-03 22:04:23,929 [INFO] Attempting to bind to port 8080...
2026-02-03 22:04:33,081 [ERROR] Failed to init Vector Store: no such column: collections.topic
2026-02-03 22:04:33,083 [INFO] Model Manager Initialized
